year,state,actualminimumwage2020dollars,cpiaverage,stateid,Percent.Unemployment.Rate,PercentLaborForceParticipation
1976,Alabama,10,56.900002,1,6.7,57
1976,Alaska,12.73,56.900002,2,7.6,68.5
1976,Arizona,10,56.900002,3,9.8,59.5
1976,Arkansas,10,56.900002,4,6.9,57.8
1976,California,10,56.900002,5,9.2,62.6
1976,Colorado,10,56.900002,6,5.9,66.8
1976,Connecticut,10.05,56.900002,7,9.2,64.3
1976,Delaware,10,56.900002,8,8.6,62.6
1976,District of Columbia,10.23,56.900002,9,8.6,64.2
1976,Florida,10,56.900002,10,9.3,55.3
1976,Georgia,10,56.900002,11,8.2,63.8
1976,Hawaii,10.91,56.900002,12,9.2,69.2
1976,Idaho,10,56.900002,13,5.7,63.2
1976,Illinois,10,56.900002,14,6.6,63
1976,Indiana,10,56.900002,15,6,64
1976,Iowa,10,56.900002,16,4.1,64.3
1976,Kansas,10,56.900002,17,4.2,65.4
1976,Kentucky,10,56.900002,18,5.4,60.1
1976,Louisiana,10,56.900002,19,6.6,56.6
1976,Maine,10.46,56.900002,20,8.7,61.7
1976,Maryland,10,56.900002,21,6.6,64.3
1976,Massachusetts,10,56.900002,22,9.7,64.7
1976,Michigan,10,56.900002,23,9.4,61.8
1976,Minnesota,10,56.900002,24,5.8,65.8
1976,Mississippi,10,56.900002,25,6.5,58.6
1976,Missouri,10,56.900002,26,6.2,60.9
1976,Montana,10,56.900002,27,5.9,62.4
1976,Nebraska,10,56.900002,28,3.2,65.1
1976,Nevada,10,56.900002,29,8.8,70.8
1976,New Hampshire,10,56.900002,30,6.4,66.3
1976,New Jersey,10,56.900002,31,10.4,61.7
1976,New Mexico,10,56.900002,32,8.7,60.5
1976,New York,10.46,56.900002,33,10.2,58.1
1976,North Carolina,10,56.900002,34,6.2,66.2
1976,North Dakota,10,56.900002,35,3.8,62.8
1976,Ohio,10,56.900002,36,7.7,61.5
1976,Oklahoma,10,56.900002,37,5.6,59
1976,Oregon,10.46,56.900002,38,9.3,63
1976,Pennsylvania,10,56.900002,39,8,58.3
1976,Rhode Island,10.46,56.900002,40,8,63.5
1976,South Carolina,10,56.900002,41,7,64.7
1976,South Dakota,10,56.900002,42,3.3,64.6
1976,Tennessee,10,56.900002,43,6.1,59.8
1976,Texas,10,56.900002,44,5.8,63.7
1976,Utah,10,56.900002,45,5.6,62.8
1976,Vermont,10.46,56.900002,46,8.3,63.6
1976,Virginia,10,56.900002,47,5.9,65.5
1976,Washington,10,56.900002,48,8.8,61.4
1976,West Virginia,10,56.900002,49,7.2,51.8
1976,Wisconsin,10,56.900002,50,5.5,65.7
1976,Wyoming,10,56.900002,51,3.9,65.6
1977,Alabama,9.3900003,60.599998,1,7.2,58.2
1977,Alaska,11.95,60.599998,2,9.9,69.9
1977,Arizona,9.3900003,60.599998,3,8.4,60.4
1977,Arkansas,9.3900003,60.599998,4,6.5,58.5
1977,California,9.3900003,60.599998,5,8.4,63.8
1977,Colorado,9.3900003,60.599998,6,6.4,67.3
1977,Connecticut,9.4300003,60.599998,7,7,64.9
1977,Delaware,9.3900003,60.599998,8,8.2,63.5
1977,District of Columbia,9.6000004,60.599998,9,8.6,64
1977,Florida,9.3900003,60.599998,10,8.3,55.4
1977,Georgia,9.3900003,60.599998,11,6.9,63.9
1977,Hawaii,10.24,60.599998,12,7.6,68.4
1977,Idaho,9.3900003,60.599998,13,5.9,64.9
1977,Illinois,9.3900003,60.599998,14,6.2,63.9
1977,Indiana,9.3900003,60.599998,15,5.8,64.2
1977,Iowa,9.3900003,60.599998,16,4,65.7
1977,Kansas,9.3900003,60.599998,17,3.9,66.3
1977,Kentucky,9.3900003,60.599998,18,4.9,60.6
1977,Louisiana,9.3900003,60.599998,19,6.9,57.7
1977,Maine,9.8199997,60.599998,20,8.4,60.8
1977,Maryland,9.3900003,60.599998,21,6.1,65
1977,Massachusetts,9.3900003,60.599998,22,7.9,64.8
1977,Michigan,9.3900003,60.599998,23,8.2,62.8
1977,Minnesota,9.3900003,60.599998,24,5.3,67.1
1977,Mississippi,9.3900003,60.599998,25,7.2,58.8
1977,Missouri,9.3900003,60.599998,26,6,62.4
1977,Montana,9.3900003,60.599998,27,6.2,63.4
1977,Nebraska,9.3900003,60.599998,28,3.4,66.4
1977,Nevada,9.3900003,60.599998,29,6.8,71.2
1977,New Hampshire,9.3900003,60.599998,30,5.6,66.9
1977,New Jersey,9.3900003,60.599998,31,9.3,62.3
1977,New Mexico,9.3900003,60.599998,32,7.7,61
1977,New York,9.8199997,60.599998,33,9.2,58.4
1977,North Carolina,9.3900003,60.599998,34,5.9,66.7
1977,North Dakota,9.3900003,60.599998,35,4.4,63.7
1977,Ohio,9.3900003,60.599998,36,6.5,61.8
1977,Oklahoma,9.3900003,60.599998,37,4.8,60
1977,Oregon,9.8199997,60.599998,38,7.4,64
1977,Pennsylvania,9.3900003,60.599998,39,7.7,58.7
1977,Rhode Island,9.8199997,60.599998,40,8,63.6
1977,South Carolina,9.3900003,60.599998,41,6.7,64.4
1977,South Dakota,9.3900003,60.599998,42,3.4,65.2
1977,Tennessee,9.3900003,60.599998,43,6.3,60.8
1977,Texas,9.3900003,60.599998,44,5.4,64.5
1977,Utah,9.3900003,60.599998,45,5.2,63.1
1977,Vermont,9.8199997,60.599998,46,7,64.8
1977,Virginia,9.3900003,60.599998,47,5.5,65.5
1977,Washington,9.3900003,60.599998,48,8.4,62.7
1977,West Virginia,9.3900003,60.599998,49,6.9,51.5
1977,Wisconsin,9.3900003,60.599998,50,5.1,65.9
1977,Wyoming,9.3900003,60.599998,51,3.2,67.5
1978,Alabama,8.7299995,65.199997,1,6.4,59.1
1978,Alaska,11.11,65.199997,2,10.6,71.4
1978,Arizona,8.7299995,65.199997,3,6,60
1978,Arkansas,8.7299995,65.199997,4,6.2,58.7
1978,California,8.7299995,65.199997,5,7.1,65.1
1978,Colorado,8.7299995,65.199997,6,5.6,67.9
1978,Connecticut,8.7700005,65.199997,7,5.3,65.4
1978,Delaware,8.7299995,65.199997,8,7.1,63.8
1978,District of Columbia,8.9300003,65.199997,9,7.8,65.3
1978,Florida,8.7299995,65.199997,10,6.8,57
1978,Georgia,8.7299995,65.199997,11,5.7,64.6
1978,Hawaii,9.5200005,65.199997,12,6.9,67.6
1978,Idaho,8.7299995,65.199997,13,5.5,65.8
1978,Illinois,8.7299995,65.199997,14,6,64.8
1978,Indiana,8.7299995,65.199997,15,5.6,65.8
1978,Iowa,8.7299995,65.199997,16,3.8,66.5
1978,Kansas,8.7299995,65.199997,17,3,66.9
1978,Kentucky,8.7299995,65.199997,18,5.1,61.1
1978,Louisiana,8.7299995,65.199997,19,6.8,58.8
1978,Maine,9.1199999,65.199997,20,6.4,60.3
1978,Maryland,8.7299995,65.199997,21,5.6,66.6
1978,Massachusetts,8.7299995,65.199997,22,6.2,65.5
1978,Michigan,8.7299995,65.199997,23,7,63.6
1978,Minnesota,8.7299995,65.199997,24,3.9,68
1978,Mississippi,8.7299995,65.199997,25,6.8,58.7
1978,Missouri,8.7299995,65.199997,26,4.9,63.2
1978,Montana,8.7299995,65.199997,27,5.6,64.5
1978,Nebraska,8.7299995,65.199997,28,3,66.7
1978,Nevada,8.7299995,65.199997,29,4.4,70.7
1978,New Hampshire,8.7299995,65.199997,30,3.8,67.2
1978,New Jersey,8.7299995,65.199997,31,7.2,63
1978,New Mexico,8.7299995,65.199997,32,6.2,61.3
1978,New York,9.1199999,65.199997,33,7.7,59.2
1978,North Carolina,8.7299995,65.199997,34,4.5,67.2
1978,North Dakota,8.7299995,65.199997,35,4.1,64.4
1978,Ohio,8.7299995,65.199997,36,5.5,62.8
1978,Oklahoma,8.7299995,65.199997,37,3.3,60.1
1978,Oregon,9.1199999,65.199997,38,6.1,64.9
1978,Pennsylvania,8.7299995,65.199997,39,7,59.3
1978,Rhode Island,9.1199999,65.199997,40,6.3,63.1
1978,South Carolina,8.7299995,65.199997,41,5.6,64.1
1978,South Dakota,8.7299995,65.199997,42,3.2,65.9
1978,Tennessee,8.7299995,65.199997,43,5.8,60.8
1978,Texas,8.7299995,65.199997,44,4.9,65.3
1978,Utah,8.7299995,65.199997,45,3.9,63.5
1978,Vermont,9.1199999,65.199997,46,5.7,66.2
1978,Virginia,8.7299995,65.199997,47,5.3,66.2
1978,Washington,8.7299995,65.199997,48,6.8,64.1
1978,West Virginia,8.7299995,65.199997,49,6.3,52.1
1978,Wisconsin,8.7299995,65.199997,50,4.9,66.9
1978,Wyoming,8.7299995,65.199997,51,2.9,69.1
1979,Alabama,10.33,72.599998,1,7.2,59.5
1979,Alaska,12.11,72.599998,2,9.1,71.6
1979,Arizona,10.33,72.599998,3,5.1,60.5
1979,Arkansas,10.33,72.599998,4,6.3,59.3
1979,California,10.33,72.599998,5,6.2,65.6
1979,Colorado,10.33,72.599998,6,4.6,69.4
1979,Connecticut,10.37,72.599998,7,5.1,66.9
1979,Delaware,10.33,72.599998,8,7,64.1
1979,District of Columbia,10.33,72.599998,9,6.8,65.6
1979,Florida,10.33,72.599998,10,6,57
1979,Georgia,10.33,72.599998,11,5.1,64.5
1979,Hawaii,10.33,72.599998,12,5.7,66.6
1979,Idaho,10.33,72.599998,13,5.8,66.2
1979,Illinois,10.33,72.599998,14,5.6,64.9
1979,Indiana,10.33,72.599998,15,6.4,66.2
1979,Iowa,10.33,72.599998,16,4.2,66.4
1979,Kansas,10.33,72.599998,17,3.1,67.6
1979,Kentucky,10.33,72.599998,18,5.5,61.6
1979,Louisiana,10.33,72.599998,19,6.7,59.3
1979,Maine,10.33,72.599998,20,6.6,61
1979,Maryland,10.33,72.599998,21,5.8,67.7
1979,Massachusetts,10.33,72.599998,22,5.5,65.8
1979,Michigan,10.33,72.599998,23,7.9,64.3
1979,Minnesota,10.33,72.599998,24,4.3,69.2
1979,Mississippi,10.33,72.599998,25,5.7,58.5
1979,Missouri,10.33,72.599998,26,4.8,63.7
1979,Montana,10.33,72.599998,27,5.2,64.6
1979,Nebraska,10.33,72.599998,28,2.9,66.7
1979,Nevada,10.33,72.599998,29,4.9,70.8
1979,New Hampshire,10.33,72.599998,30,3.1,68
1979,New Jersey,10.33,72.599998,31,6.9,64.1
1979,New Mexico,10.33,72.599998,32,6.7,61.5
1979,New York,10.33,72.599998,33,7.1,60.2
1979,North Carolina,10.33,72.599998,34,4.8,66.9
1979,North Dakota,10.33,72.599998,35,4.2,64.9
1979,Ohio,10.33,72.599998,36,5.9,63.6
1979,Oklahoma,10.33,72.599998,37,3.1,60.6
1979,Oregon,10.33,72.599998,38,6.7,64.8
1979,Pennsylvania,10.33,72.599998,39,7,59.7
1979,Rhode Island,10.33,72.599998,40,6.3,64.5
1979,South Carolina,10.33,72.599998,41,5,63.4
1979,South Dakota,10.33,72.599998,42,3.4,66.3
1979,Tennessee,10.33,72.599998,43,5.9,61.2
1979,Texas,10.33,72.599998,44,4.4,65.8
1979,Utah,10.33,72.599998,45,4.4,65.3
1979,Vermont,10.33,72.599998,46,5,66.2
1979,Virginia,10.33,72.599998,47,4.7,66.2
1979,Washington,10.33,72.599998,48,6.8,65.3
1979,West Virginia,10.33,72.599998,49,7.3,52.8
1979,Wisconsin,10.33,72.599998,50,4.5,67.6
1979,Wyoming,10.33,72.599998,51,2.5,69.8
1980,Alabama,9.7299995,82.400002,1,8.8,59.4
1980,Alaska,11.3,82.400002,2,9.5,71.6
1980,Arizona,9.7299995,82.400002,3,6.6,61.9
1980,Arkansas,9.7299995,82.400002,4,7.5,59.4
1980,California,9.7299995,82.400002,5,6.9,65.6
1980,Colorado,9.7299995,82.400002,6,5.9,70.4
1980,Connecticut,9.79,82.400002,7,5.7,67
1980,Delaware,9.7299995,82.400002,8,7.5,64.6
1980,District of Columbia,9.7299995,82.400002,9,7.4,65.8
1980,Florida,9.7299995,82.400002,10,6,56.5
1980,Georgia,9.7299995,82.400002,11,6.3,64.6
1980,Hawaii,9.7299995,82.400002,12,5,66.5
1980,Idaho,9.7299995,82.400002,13,7.6,65.1
1980,Illinois,9.7299995,82.400002,14,8.2,65.4
1980,Indiana,9.7299995,82.400002,15,9.7,65.5
1980,Iowa,9.7299995,82.400002,16,5.9,66.4
1980,Kansas,9.7299995,82.400002,17,4.4,67.8
1980,Kentucky,9.7299995,82.400002,18,8,62.7
1980,Louisiana,9.7299995,82.400002,19,7.1,59.6
1980,Maine,9.7299995,82.400002,20,7.5,61.3
1980,Maryland,9.7299995,82.400002,21,6.6,68.1
1980,Massachusetts,9.7299995,82.400002,22,5.8,65.6
1980,Michigan,9.7299995,82.400002,23,12.3,64
1980,Minnesota,9.7299995,82.400002,24,5.8,69.9
1980,Mississippi,9.7299995,82.400002,25,7.4,59.3
1980,Missouri,9.7299995,82.400002,26,7.2,63.7
1980,Montana,9.7299995,82.400002,27,6.3,64.8
1980,Nebraska,9.7299995,82.400002,28,3.8,66.6
1980,Nevada,9.7299995,82.400002,29,6.3,71.3
1980,New Hampshire,9.7299995,82.400002,30,4.5,68.5
1980,New Jersey,9.7299995,82.400002,31,7.2,64.1
1980,New Mexico,9.7299995,82.400002,32,7.6,61.2
1980,New York,9.7299995,82.400002,33,7.4,59.9
1980,North Carolina,9.7299995,82.400002,34,6.4,66.5
1980,North Dakota,9.7299995,82.400002,35,4.9,65
1980,Ohio,9.7299995,82.400002,36,8.3,63.4
1980,Oklahoma,9.7299995,82.400002,37,4.1,61.7
1980,Oregon,9.7299995,82.400002,38,8.4,65.3
1980,Pennsylvania,9.7299995,82.400002,39,8.1,60.1
1980,Rhode Island,9.7299995,82.400002,40,7.2,65.4
1980,South Carolina,9.7299995,82.400002,41,6.7,62.9
1980,South Dakota,9.7299995,82.400002,42,4.7,67
1980,Tennessee,9.7299995,82.400002,43,7.2,60.9
1980,Texas,9.7299995,82.400002,44,5.3,66.1
1980,Utah,9.7299995,82.400002,45,6.3,65.7
1980,Vermont,9.7299995,82.400002,46,5.9,66.3
1980,Virginia,9.7299995,82.400002,47,5.1,65.9
1980,Washington,9.7299995,82.400002,48,7.9,64.5
1980,West Virginia,9.7299995,82.400002,49,10.1,53.4
1980,Wisconsin,9.7299995,82.400002,50,7.4,67.6
1980,Wyoming,9.7299995,82.400002,51,3.8,70.2
1981,Alabama,9.5299997,90.900002,1,10.7,58.9
1981,Alaska,10.96,90.900002,2,9.2,72.3
1981,Arizona,9.5299997,90.900002,3,6.2,62
1981,Arkansas,9.5299997,90.900002,4,8.6,60.6
1981,California,9.5299997,90.900002,5,7.4,65.4
1981,Colorado,9.5299997,90.900002,6,5.6,70.5
1981,Connecticut,9.5900002,90.900002,7,6.2,66.8
1981,Delaware,9.5299997,90.900002,8,7.8,64.7
1981,District of Columbia,9.5299997,90.900002,9,8.7,63.6
1981,Florida,9.5299997,90.900002,10,6.8,57.4
1981,Georgia,9.5299997,90.900002,11,6.5,64.7
1981,Hawaii,9.5299997,90.900002,12,5.2,66.7
1981,Idaho,9.5299997,90.900002,13,7.7,64.3
1981,Illinois,9.5299997,90.900002,14,8.6,65.6
1981,Indiana,9.5299997,90.900002,15,9.7,65
1981,Iowa,9.5299997,90.900002,16,6.5,66.1
1981,Kansas,9.5299997,90.900002,17,4.3,67.3
1981,Kentucky,9.5299997,90.900002,18,8.6,62.3
1981,Louisiana,9.5299997,90.900002,19,8.4,60.6
1981,Maine,9.5299997,90.900002,20,7.2,61.4
1981,Maryland,9.5299997,90.900002,21,7.1,67.8
1981,Massachusetts,9.5299997,90.900002,22,6.4,66.7
1981,Michigan,9.5299997,90.900002,23,12.4,63.4
1981,Minnesota,9.5299997,90.900002,24,5.8,70.3
1981,Mississippi,9.5299997,90.900002,25,8.5,58.8
1981,Missouri,9.5299997,90.900002,26,7.7,63
1981,Montana,9.5299997,90.900002,27,6.7,65.8
1981,Nebraska,9.5299997,90.900002,28,4.1,66.7
1981,Nevada,9.5299997,90.900002,29,7.3,72.9
1981,New Hampshire,9.5299997,90.900002,30,5.1,68.7
1981,New Jersey,9.5299997,90.900002,31,7.5,63.8
1981,New Mexico,9.5299997,90.900002,32,7.2,61.2
1981,New York,9.5299997,90.900002,33,7.6,59.8
1981,North Carolina,9.5299997,90.900002,34,6.4,66.4
1981,North Dakota,9.5299997,90.900002,35,4.9,65.4
1981,Ohio,9.5299997,90.900002,36,9.6,63.7
1981,Oklahoma,9.5299997,90.900002,37,3.6,63
1981,Oregon,9.5299997,90.900002,38,9.7,66.4
1981,Pennsylvania,9.5299997,90.900002,39,8.4,60.1
1981,Rhode Island,9.5299997,90.900002,40,7.6,65.6
1981,South Carolina,9.5299997,90.900002,41,8.2,63.2
1981,South Dakota,9.5299997,90.900002,42,4.8,67.2
1981,Tennessee,9.5299997,90.900002,43,8.9,61.4
1981,Texas,9.5299997,90.900002,44,5.4,67.1
1981,Utah,9.5299997,90.900002,45,6.7,65.6
1981,Vermont,9.5299997,90.900002,46,5.9,67.4
1981,Virginia,9.5299997,90.900002,47,5.9,65.9
1981,Washington,9.5299997,90.900002,48,9.3,64.3
1981,West Virginia,9.5299997,90.900002,49,10.6,53.3
1981,Wisconsin,9.5299997,90.900002,50,7.8,67.6
1981,Wyoming,9.5299997,90.900002,51,4.2,71
1982,Alabama,8.9799995,96.5,1,14,59.5
1982,Alaska,10.32,96.5,2,10.1,73
1982,Arizona,8.9799995,96.5,3,10,63.5
1982,Arkansas,8.9799995,96.5,4,9.5,60.1
1982,California,8.9799995,96.5,5,10.1,66
1982,Colorado,8.9799995,96.5,6,7.6,70.7
1982,Connecticut,9.0299997,96.5,7,6.9,66.7
1982,Delaware,8.9799995,96.5,8,8.4,65.2
1982,District of Columbia,8.9799995,96.5,9,10.3,63.9
1982,Florida,8.9799995,96.5,10,8.5,57.6
1982,Georgia,8.9799995,96.5,11,7.8,65
1982,Hawaii,8.9799995,96.5,12,6.1,66.4
1982,Idaho,8.9799995,96.5,13,9.9,65.4
1982,Illinois,8.9799995,96.5,14,11.4,65.6
1982,Indiana,8.9799995,96.5,15,12,64.5
1982,Iowa,8.9799995,96.5,16,8.4,65.6
1982,Kansas,8.9799995,96.5,17,6.3,67.4
1982,Kentucky,8.9799995,96.5,18,10.8,62.4
1982,Louisiana,8.9799995,96.5,19,10.2,60.1
1982,Maine,8.9799995,96.5,20,8.6,61.9
1982,Maryland,8.9799995,96.5,21,8.3,67.6
1982,Massachusetts,8.9799995,96.5,22,7.8,67.1
1982,Michigan,8.9799995,96.5,23,15.5,63.3
1982,Minnesota,8.9799995,96.5,24,7.9,70.4
1982,Mississippi,8.9799995,96.5,25,11,58.7
1982,Missouri,8.9799995,96.5,26,9.3,62.9
1982,Montana,8.9799995,96.5,27,8.6,66
1982,Nebraska,8.9799995,96.5,28,5.5,67.2
1982,Nevada,8.9799995,96.5,29,10.1,73.4
1982,New Hampshire,8.9799995,96.5,30,6.9,68.7
1982,New Jersey,8.9799995,96.5,31,8.7,63.6
1982,New Mexico,8.9799995,96.5,32,9,61.7
1982,New York,8.9799995,96.5,33,8.7,59.4
1982,North Carolina,8.9799995,96.5,34,9.2,66.3
1982,North Dakota,8.9799995,96.5,35,5.6,65.5
1982,Ohio,8.9799995,96.5,36,12.6,63.7
1982,Oklahoma,8.9799995,96.5,37,6.1,63.3
1982,Oregon,8.9799995,96.5,38,11.4,66.3
1982,Pennsylvania,8.9799995,96.5,39,10.9,59.9
1982,Rhode Island,8.9799995,96.5,40,10,65.9
1982,South Carolina,8.9799995,96.5,41,10.8,64.3
1982,South Dakota,8.9799995,96.5,42,5.4,66.9
1982,Tennessee,8.9799995,96.5,43,11.7,61.4
1982,Texas,8.9799995,96.5,44,6.9,67.2
1982,Utah,8.9799995,96.5,45,8.1,66
1982,Vermont,8.9799995,96.5,46,6.9,68
1982,Virginia,8.9799995,96.5,47,7.4,66.4
1982,Washington,8.9799995,96.5,48,11.6,64.1
1982,West Virginia,8.9799995,96.5,49,14,53.3
1982,Wisconsin,8.9799995,96.5,50,10.3,68.4
1982,Wyoming,8.9799995,96.5,51,6,70.7
1983,Alabama,8.6999998,99.599998,1,13.8,60.3
1983,Alaska,10,99.599998,2,10.1,72.1
1983,Arizona,8.6999998,99.599998,3,9.1,63.5
1983,Arkansas,8.6999998,99.599998,4,9.7,60.4
1983,California,8.6999998,99.599998,5,9.8,65.7
1983,Colorado,8.6999998,99.599998,6,7.1,71.7
1983,Connecticut,8.75,99.599998,7,6,66.6
1983,Delaware,8.6999998,99.599998,8,7.9,65
1983,District of Columbia,8.6999998,99.599998,9,10.9,65.2
1983,Florida,8.6999998,99.599998,10,8.6,58.3
1983,Georgia,8.6999998,99.599998,11,7.6,65
1983,Hawaii,8.6999998,99.599998,12,5.9,66.5
1983,Idaho,8.6999998,99.599998,13,9.1,65.8
1983,Illinois,8.6999998,99.599998,14,11.7,65.3
1983,Indiana,8.6999998,99.599998,15,11.1,63.9
1983,Iowa,8.6999998,99.599998,16,8.2,65.6
1983,Kansas,8.6999998,99.599998,17,5.9,66.9
1983,Kentucky,8.6999998,99.599998,18,11.3,62.4
1983,Louisiana,8.6999998,99.599998,19,11.6,60.4
1983,Maine,8.6999998,99.599998,20,8.3,62.7
1983,Maryland,8.6999998,99.599998,21,6.9,68
1983,Massachusetts,8.6999998,99.599998,22,6.9,66.6
1983,Michigan,8.6999998,99.599998,23,14.5,63.5
1983,Minnesota,8.6999998,99.599998,24,7.9,70.6
1983,Mississippi,8.6999998,99.599998,25,12,58.7
1983,Missouri,8.6999998,99.599998,26,10,63.3
1983,Montana,8.6999998,99.599998,27,8.7,66.4
1983,Nebraska,8.6999998,99.599998,28,5.6,67.1
1983,Nevada,8.6999998,99.599998,29,9.8,72.7
1983,New Hampshire,8.6999998,99.599998,30,5.5,69.5
1983,New Jersey,8.6999998,99.599998,31,8.2,63.9
1983,New Mexico,8.6999998,99.599998,32,9.7,61.8
1983,New York,8.6999998,99.599998,33,8.9,59.5
1983,North Carolina,8.6999998,99.599998,34,8.9,65.8
1983,North Dakota,8.6999998,99.599998,35,5.9,65.5
1983,Ohio,8.6999998,99.599998,36,12.4,63.6
1983,Oklahoma,8.6999998,99.599998,37,8.1,63.4
1983,Oregon,8.6999998,99.599998,38,10.8,66.7
1983,Pennsylvania,8.6999998,99.599998,39,11.1,59.7
1983,Rhode Island,8.6999998,99.599998,40,8.5,65.4
1983,South Carolina,8.6999998,99.599998,41,9.9,63.2
1983,South Dakota,8.6999998,99.599998,42,5.2,66.8
1983,Tennessee,8.6999998,99.599998,43,11.7,62.3
1983,Texas,8.6999998,99.599998,44,8.1,67.6
1983,Utah,8.6999998,99.599998,45,9,66
1983,Vermont,8.6999998,99.599998,46,6.5,67.9
1983,Virginia,8.6999998,99.599998,47,6.4,66.8
1983,Washington,8.6999998,99.599998,48,11.2,64.3
1983,West Virginia,8.6999998,99.599998,49,17.2,51.9
1983,Wisconsin,8.6999998,99.599998,50,9.8,68
1983,Wyoming,8.6999998,99.599998,51,8,70.8
1984,Alabama,8.3400002,103.9,1,11.3,60.8
1984,Alaska,9.5799999,103.9,2,9.9,72.5
1984,Arizona,8.3400002,103.9,3,5,63.4
1984,Arkansas,8.3400002,103.9,4,8.5,60.5
1984,California,8.3400002,103.9,5,7.8,65.8
1984,Colorado,8.3400002,103.9,6,5.5,72.4
1984,Connecticut,8.3900003,103.9,7,4.7,68.1
1984,Delaware,8.3400002,103.9,8,6.2,66.5
1984,District of Columbia,8.3400002,103.9,9,8.9,66.3
1984,Florida,8.3400002,103.9,10,6.6,59.5
1984,Georgia,8.3400002,103.9,11,6.1,65.5
1984,Hawaii,8.3400002,103.9,12,5.5,65.9
1984,Idaho,8.3400002,103.9,13,7.2,66.2
1984,Illinois,8.3400002,103.9,14,9.1,65.1
1984,Indiana,8.3400002,103.9,15,8.5,64.6
1984,Iowa,8.3400002,103.9,16,7,65.8
1984,Kansas,8.3400002,103.9,17,5,67.1
1984,Kentucky,8.3400002,103.9,18,9.1,62.4
1984,Louisiana,8.3400002,103.9,19,10.2,60.9
1984,Maine,8.3400002,103.9,20,6.1,63.4
1984,Maryland,8.3400002,103.9,21,5.3,68.4
1984,Massachusetts,8.3400002,103.9,22,4.8,67.5
1984,Michigan,8.3400002,103.9,23,11.2,64
1984,Minnesota,8.3400002,103.9,24,6.3,71.4
1984,Mississippi,8.3400002,103.9,25,10.6,59
1984,Missouri,8.3400002,103.9,26,7.4,63.3
1984,Montana,8.3400002,103.9,27,7.5,67
1984,Nebraska,8.3400002,103.9,28,4.5,67.1
1984,Nevada,8.3400002,103.9,29,7.7,72.3
1984,New Hampshire,8.3400002,103.9,30,4.2,70.8
1984,New Jersey,8.3400002,103.9,31,6.3,65.2
1984,New Mexico,8.3400002,103.9,32,7.7,62.1
1984,New York,8.3400002,103.9,33,7.2,59.5
1984,North Carolina,8.3400002,103.9,34,6.6,66.3
1984,North Dakota,8.3400002,103.9,35,5.4,66.2
1984,Ohio,8.3400002,103.9,36,9.5,63.6
1984,Oklahoma,8.3400002,103.9,37,6.8,63.8
1984,Oregon,8.3400002,103.9,38,9.3,65.9
1984,Pennsylvania,8.3400002,103.9,39,8.9,59.7
1984,Rhode Island,8.3400002,103.9,40,5.3,65.8
1984,South Carolina,8.3400002,103.9,41,7,62.9
1984,South Dakota,8.3400002,103.9,42,4.4,67.2
1984,Tennessee,8.3400002,103.9,43,8.8,62.9
1984,Texas,8.3400002,103.9,44,6.2,68.3
1984,Utah,8.3400002,103.9,45,6.6,67.4
1984,Vermont,8.3400002,103.9,46,4.9,68.4
1984,Virginia,8.3400002,103.9,47,5.1,67.6
1984,Washington,8.3400002,103.9,48,9.3,64.4
1984,West Virginia,8.3400002,103.9,49,14.1,51.7
1984,Wisconsin,8.3400002,103.9,50,7.3,67.5
1984,Wyoming,8.3400002,103.9,51,6.3,70.4
1985,Alabama,8.0500002,107.6,1,9.5,60.8
1985,Alaska,9.2600002,107.6,2,9.8,72.7
1985,Arizona,8.0500002,107.6,3,6.4,63.4
1985,Arkansas,8.0500002,107.6,4,8.5,60.4
1985,California,8.0500002,107.6,5,7.2,66
1985,Colorado,8.0500002,107.6,6,6,71.7
1985,Connecticut,8.1000004,107.6,7,4.4,68.9
1985,Delaware,8.0500002,107.6,8,5.2,67.1
1985,District of Columbia,8.0500002,107.6,9,8,66.7
1985,Florida,8.0500002,107.6,10,6.1,59.9
1985,Georgia,8.0500002,107.6,11,6.3,65.9
1985,Hawaii,8.0500002,107.6,12,5.2,65.9
1985,Idaho,8.0500002,107.6,13,7.8,66.6
1985,Illinois,8.0500002,107.6,14,9.1,65.5
1985,Indiana,8.0500002,107.6,15,7.7,66
1985,Iowa,8.0500002,107.6,16,7.4,66.2
1985,Kansas,8.0500002,107.6,17,5.1,68.6
1985,Kentucky,8.0500002,107.6,18,9,61.9
1985,Louisiana,8.0500002,107.6,19,11.4,61.6
1985,Maine,8.0500002,107.6,20,5.6,63.5
1985,Maryland,8.0500002,107.6,21,4.6,68.2
1985,Massachusetts,8.0500002,107.6,22,4.2,67.4
1985,Michigan,8.0500002,107.6,23,10,64.2
1985,Minnesota,8.0500002,107.6,24,6,71.6
1985,Mississippi,8.0500002,107.6,25,10.4,60.2
1985,Missouri,8.0500002,107.6,26,6.6,64.5
1985,Montana,8.0500002,107.6,27,7.7,67
1985,Nebraska,8.0500002,107.6,28,5.1,68.6
1985,Nevada,8.0500002,107.6,29,7.5,71.7
1985,New Hampshire,8.0500002,107.6,30,3.7,71.2
1985,New Jersey,8.0500002,107.6,31,5.6,65.3
1985,New Mexico,8.0500002,107.6,32,8.6,63.3
1985,New York,8.0500002,107.6,33,6.6,60.6
1985,North Carolina,8.0500002,107.6,34,5.7,66.6
1985,North Dakota,8.0500002,107.6,35,5.5,67.7
1985,Ohio,8.0500002,107.6,36,8.9,63.7
1985,Oklahoma,8.0500002,107.6,37,7.1,64.7
1985,Oregon,8.0500002,107.6,38,8.7,65.5
1985,Pennsylvania,8.0500002,107.6,39,8,60.3
1985,Rhode Island,8.0500002,107.6,40,4.7,66.7
1985,South Carolina,8.0500002,107.6,41,6.8,63.8
1985,South Dakota,8.0500002,107.6,42,4.8,68.4
1985,Tennessee,8.0500002,107.6,43,7.9,62.7
1985,Texas,8.0500002,107.6,44,7,68.8
1985,Utah,8.0500002,107.6,45,6.1,69
1985,Vermont,8.0500002,107.6,46,4.6,69.5
1985,Virginia,8.0500002,107.6,47,5.4,68
1985,Washington,8.0500002,107.6,48,8.2,64.7
1985,West Virginia,8.0500002,107.6,49,13.2,51.4
1985,Wisconsin,8.0500002,107.6,50,7.1,67.1
1985,Wyoming,8.0500002,107.6,51,7,70.9
1986,Alabama,7.9099998,109.6,1,9.6,61.7
1986,Alaska,9.0900002,109.6,2,11.1,72.8
1986,Arizona,7.9099998,109.6,3,7.1,64.6
1986,Arkansas,7.9099998,109.6,4,8.5,60.9
1986,California,7.9099998,109.6,5,6.8,66.5
1986,Colorado,7.9099998,109.6,6,7.5,70.6
1986,Connecticut,7.9499998,109.6,7,3.8,69.7
1986,Delaware,7.9099998,109.6,8,4.2,67.6
1986,District of Columbia,7.9099998,109.6,9,7.4,67.4
1986,Florida,7.9099998,109.6,10,5.8,60.9
1986,Georgia,7.9099998,109.6,11,5.9,67
1986,Hawaii,7.9099998,109.6,12,4.7,66.2
1986,Idaho,7.9099998,109.6,13,8.4,66.8
1986,Illinois,7.9099998,109.6,14,8.3,65.6
1986,Indiana,7.9099998,109.6,15,6.8,66.5
1986,Iowa,7.9099998,109.6,16,6.8,67.5
1986,Kansas,7.9099998,109.6,17,5.4,68.8
1986,Kentucky,7.9099998,109.6,18,9.3,61.8
1986,Louisiana,7.9099998,109.6,19,12.5,61.3
1986,Maine,7.9099998,109.6,20,5.3,64
1986,Maryland,7.9099998,109.6,21,4.6,69.3
1986,Massachusetts,7.9099998,109.6,22,4,67.2
1986,Michigan,7.9099998,109.6,23,8.9,64.2
1986,Minnesota,7.9099998,109.6,24,5.6,71.3
1986,Mississippi,7.9099998,109.6,25,11.4,61.6
1986,Missouri,7.9099998,109.6,26,6.4,65.6
1986,Montana,7.9099998,109.6,27,8,67.3
1986,Nebraska,7.9099998,109.6,28,4.8,69
1986,Nevada,7.9099998,109.6,29,6.4,72.3
1986,New Hampshire,7.9099998,109.6,30,2.7,71.8
1986,New Jersey,7.9099998,109.6,31,5,65.6
1986,New Mexico,7.9099998,109.6,32,9.2,63.4
1986,New York,7.9099998,109.6,33,6.2,61.5
1986,North Carolina,7.9099998,109.6,34,5.3,67.4
1986,North Dakota,7.9099998,109.6,35,5.6,68.2
1986,Ohio,7.9099998,109.6,36,8.3,64.5
1986,Oklahoma,7.9099998,109.6,37,8.3,65.3
1986,Oregon,7.9099998,109.6,38,7.9,66.3
1986,Pennsylvania,7.9099998,109.6,39,7,60.9
1986,Rhode Island,7.9099998,109.6,40,4.1,67.1
1986,South Carolina,7.9099998,109.6,41,6.4,64.9
1986,South Dakota,7.9099998,109.6,42,4.6,68.5
1986,Tennessee,7.9099998,109.6,43,7.9,63.2
1986,Texas,7.9099998,109.6,44,8.8,68.5
1986,Utah,7.9099998,109.6,45,6.2,69.8
1986,Vermont,7.9099998,109.6,46,4.3,70.9
1986,Virginia,7.9099998,109.6,47,5,67.9
1986,Washington,7.9099998,109.6,48,8.1,65.6
1986,West Virginia,7.9099998,109.6,49,12.1,51.3
1986,Wisconsin,7.9099998,109.6,50,6.8,67.7
1986,Wyoming,7.9099998,109.6,51,8.6,70.2
1987,Alabama,7.6300001,113.6,1,8.2,61.5
1987,Alaska,8.7700005,113.6,2,10.1,72.3
1987,Arizona,7.6300001,113.6,3,6.5,64.2
1987,Arkansas,7.6300001,113.6,4,8.1,61.5
1987,California,7.6300001,113.6,5,5.8,67
1987,Colorado,7.6300001,113.6,6,7.5,69.9
1987,Connecticut,7.6700001,113.6,7,3.1,69.8
1987,Delaware,7.6300001,113.6,8,3,68
1987,District of Columbia,7.6300001,113.6,9,6.3,69.3
1987,Florida,7.6300001,113.6,10,5.4,62.2
1987,Georgia,7.6300001,113.6,11,5.6,67.2
1987,Hawaii,7.6300001,113.6,12,3.7,67.1
1987,Idaho,7.6300001,113.6,13,7.6,66.4
1987,Illinois,7.6300001,113.6,14,7.5,66
1987,Indiana,7.6300001,113.6,15,6.1,66.1
1987,Iowa,7.6300001,113.6,16,5.6,68.4
1987,Kansas,7.6300001,113.6,17,4.8,69.1
1987,Kentucky,7.6300001,113.6,18,8.3,61.4
1987,Louisiana,7.6300001,113.6,19,11.8,61
1987,Maine,7.6300001,113.6,20,4.4,65.2
1987,Maryland,7.6300001,113.6,21,4.3,69.8
1987,Massachusetts,7.6300001,113.6,22,3.3,67.6
1987,Michigan,7.6300001,113.6,23,8.4,65
1987,Minnesota,7.6300001,113.6,24,5.1,71.5
1987,Mississippi,7.6300001,113.6,25,10.1,61.3
1987,Missouri,7.6300001,113.6,26,6.3,66.1
1987,Montana,7.6300001,113.6,27,7.5,67.2
1987,Nebraska,7.6300001,113.6,28,4.2,68.8
1987,Nevada,7.6300001,113.6,29,6.2,72.8
1987,New Hampshire,7.6300001,113.6,30,2.2,72.2
1987,New Jersey,7.6300001,113.6,31,4,65.9
1987,New Mexico,7.6300001,113.6,32,8.9,63
1987,New York,7.6300001,113.6,33,4.8,61.6
1987,North Carolina,7.6300001,113.6,34,4.6,68.1
1987,North Dakota,7.6300001,113.6,35,5,68.4
1987,Ohio,7.6300001,113.6,36,7.1,64.5
1987,Oklahoma,7.6300001,113.6,37,7.2,64.6
1987,Oregon,7.6300001,113.6,38,6.2,66.9
1987,Pennsylvania,7.6300001,113.6,39,5.8,60.9
1987,Rhode Island,7.6300001,113.6,40,3.7,67.5
1987,South Carolina,7.6300001,113.6,41,5.5,65.4
1987,South Dakota,7.6300001,113.6,42,4.3,68.5
1987,Tennessee,7.6300001,113.6,43,6.7,63.3
1987,Texas,7.6300001,113.6,44,8.5,68.9
1987,Utah,7.6300001,113.6,45,6.3,69.6
1987,Vermont,7.6300001,113.6,46,3.8,71.4
1987,Virginia,7.6300001,113.6,47,4.2,68.4
1987,Washington,7.6300001,113.6,48,7.3,66.5
1987,West Virginia,7.6300001,113.6,49,11,51.2
1987,Wisconsin,7.6300001,113.6,50,5.7,68.9
1987,Wyoming,7.6300001,113.6,51,8,69.5
1988,Alabama,7.3200002,118.3,1,7.3,61.3
1988,Alaska,8.4200001,118.3,2,8.7,72.3
1988,Arizona,7.3200002,118.3,3,6.4,64.7
1988,Arkansas,7.3200002,118.3,4,7.7,62.1
1988,California,7.3200002,118.3,5,5.3,67.4
1988,Colorado,7.3200002,118.3,6,6.4,69.7
1988,Connecticut,8.1999998,118.3,7,2.9,69.4
1988,Delaware,7.3200002,118.3,8,3,69.4
1988,District of Columbia,7.6500001,118.3,9,5,70.5
1988,Florida,7.3200002,118.3,10,5.2,62.9
1988,Georgia,7.3200002,118.3,11,5.6,67.9
1988,Hawaii,8.4200001,118.3,12,3.1,66.8
1988,Idaho,7.3200002,118.3,13,6.2,66.9
1988,Illinois,7.3200002,118.3,14,6.7,66.4
1988,Indiana,7.3200002,118.3,15,5.2,66.6
1988,Iowa,7.3200002,118.3,16,4.6,69.3
1988,Kansas,7.3200002,118.3,17,4.5,69.1
1988,Kentucky,7.3200002,118.3,18,7.5,61.5
1988,Louisiana,7.3200002,118.3,19,10.6,60.8
1988,Maine,7.98,118.3,20,3.7,65.4
1988,Maryland,7.3200002,118.3,21,4.2,70
1988,Massachusetts,7.98,118.3,22,3.3,68.4
1988,Michigan,7.3200002,118.3,23,7.6,65.3
1988,Minnesota,7.7600002,118.3,24,4.3,71.4
1988,Mississippi,7.3200002,118.3,25,8.6,60.7
1988,Missouri,7.3200002,118.3,26,5.7,66.5
1988,Montana,7.3200002,118.3,27,6.6,67.8
1988,Nebraska,7.3200002,118.3,28,3.4,68.7
1988,Nevada,7.3200002,118.3,29,5.2,72.5
1988,New Hampshire,7.7600002,118.3,30,2.4,72.2
1988,New Jersey,7.3200002,118.3,31,3.8,65.8
1988,New Mexico,7.3200002,118.3,32,7.6,63
1988,New York,7.3200002,118.3,33,4.2,62
1988,North Carolina,7.3200002,118.3,34,3.7,68.3
1988,North Dakota,7.3200002,118.3,35,4.6,68.7
1988,Ohio,7.3200002,118.3,36,6,64.7
1988,Oklahoma,7.3200002,118.3,37,6.3,63.9
1988,Oregon,7.3200002,118.3,38,5.7,67.5
1988,Pennsylvania,7.3200002,118.3,39,5.1,61.7
1988,Rhode Island,7.98,118.3,40,2.9,67.4
1988,South Carolina,7.3200002,118.3,41,4.6,65.6
1988,South Dakota,7.3200002,118.3,42,4.1,68.9
1988,Tennessee,7.3200002,118.3,43,5.8,62.7
1988,Texas,7.3200002,118.3,44,7.4,69.2
1988,Utah,7.3200002,118.3,45,5,69.3
1988,Vermont,7.7600002,118.3,46,3,70.9
1988,Virginia,7.3200002,118.3,47,3.9,68.8
1988,Washington,7.3200002,118.3,48,6.3,67.1
1988,West Virginia,7.3200002,118.3,49,9.9,51.5
1988,Wisconsin,7.3200002,118.3,50,4.4,69.9
1988,Wyoming,7.3200002,118.3,51,6.4,69.2
1989,Alabama,6.9899998,124,1,7,61.8
1989,Alaska,8.0299997,124,2,7.1,73.8
1989,Arizona,6.9899998,124,3,5.2,65.4
1989,Arkansas,6.9899998,124,4,7,62.7
1989,California,6.9899998,124,5,5.1,67.8
1989,Colorado,6.9899998,124,6,5.6,69.5
1989,Connecticut,7.8200002,124,7,3.6,70.3
1989,Delaware,6.9899998,124,8,3.3,70.2
1989,District of Columbia,7.3000002,124,9,4.8,69.9
1989,Florida,6.9899998,124,10,5.6,63.3
1989,Georgia,6.9899998,124,11,5.4,68.3
1989,Hawaii,8.0299997,124,12,2.5,67.1
1989,Idaho,6.9899998,124,13,5.5,67.6
1989,Illinois,6.9899998,124,14,6.1,67.9
1989,Indiana,6.9899998,124,15,4.7,67.6
1989,Iowa,6.9899998,124,16,4.3,69.8
1989,Kansas,6.9899998,124,17,4.2,69
1989,Kentucky,6.9899998,124,18,6.3,62.2
1989,Louisiana,6.9899998,124,19,7.9,59.8
1989,Maine,7.6100001,124,20,4,66.1
1989,Maryland,6.9899998,124,21,3.8,70.5
1989,Massachusetts,7.6100001,124,22,4.2,69
1989,Michigan,6.9899998,124,23,7.2,66
1989,Minnesota,7.4099998,124,24,4.4,71.6
1989,Mississippi,6.9899998,124,25,7.9,61.5
1989,Missouri,6.9899998,124,26,5.6,67.2
1989,Montana,6.9899998,124,27,6,68.3
1989,Nebraska,6.9899998,124,28,2.9,68.3
1989,Nevada,6.9899998,124,29,4.7,71.8
1989,New Hampshire,7.4099998,124,30,3.3,72.5
1989,New Jersey,6.9899998,124,31,4.1,66.3
1989,New Mexico,6.9899998,124,32,6.8,63.3
1989,New York,6.9899998,124,33,4.9,62.9
1989,North Carolina,6.9899998,124,34,3.6,68.7
1989,North Dakota,6.9899998,124,35,4.3,69
1989,Ohio,6.9899998,124,36,5.6,65.5
1989,Oklahoma,6.9899998,124,37,5.7,63.9
1989,Oregon,6.9899998,124,38,5.3,68
1989,Pennsylvania,6.9899998,124,39,4.9,62.3
1989,Rhode Island,7.6100001,124,40,3.9,67.4
1989,South Carolina,6.9899998,124,41,4.6,66
1989,South Dakota,6.9899998,124,42,3.9,69.5
1989,Tennessee,6.9899998,124,43,5.1,63
1989,Texas,6.9899998,124,44,6.7,69.2
1989,Utah,6.9899998,124,45,4.6,70.9
1989,Vermont,7.4099998,124,46,3.6,70.9
1989,Virginia,6.9899998,124,47,3.9,69.2
1989,Washington,6.9899998,124,48,5.9,68.9
1989,West Virginia,6.9899998,124,49,8.7,53.1
1989,Wisconsin,6.9899998,124,50,4.3,70.7
1989,Wyoming,6.9899998,124,51,6.1,69.4
1990,Alabama,6.6300001,130.7,1,6.8,62.2
1990,Alaska,7.6199999,130.7,2,7.3,72.7
1990,Arizona,6.6300001,130.7,3,5.2,64.2
1990,Arkansas,6.6300001,130.7,4,6.9,63.5
1990,California,6.6300001,130.7,5,5.8,67
1990,Colorado,6.6300001,130.7,6,5.1,71.2
1990,Connecticut,7.4200001,130.7,7,4.9,70.6
1990,Delaware,6.6300001,130.7,8,4.4,70.3
1990,District of Columbia,6.9299998,130.7,9,5.9,68.3
1990,Florida,6.6300001,130.7,10,6.2,63.2
1990,Georgia,6.6300001,130.7,11,5.4,67.5
1990,Hawaii,7.6199999,130.7,12,2.6,68
1990,Idaho,6.6300001,130.7,13,5.6,67.8
1990,Illinois,6.6300001,130.7,14,6.3,68.2
1990,Indiana,6.6300001,130.7,15,5.1,67.2
1990,Iowa,6.6300001,130.7,16,4.4,69.6
1990,Kansas,6.6300001,130.7,17,4.3,69.8
1990,Kentucky,6.6300001,130.7,18,6,62.7
1990,Louisiana,6.6300001,130.7,19,6.2,60.7
1990,Maine,7.2199998,130.7,20,5.4,67.3
1990,Maryland,6.6300001,130.7,21,4.3,69.8
1990,Massachusetts,7.2199998,130.7,22,6.4,68.6
1990,Michigan,6.6300001,130.7,23,7.7,65.8
1990,Minnesota,7.0300002,130.7,24,4.7,73.3
1990,Mississippi,6.6300001,130.7,25,7.6,62.2
1990,Missouri,6.6300001,130.7,26,5.9,67.5
1990,Montana,6.6300001,130.7,27,6.1,67.7
1990,Nebraska,6.6300001,130.7,28,2.4,70.9
1990,Nevada,6.6300001,130.7,29,4.7,71
1990,New Hampshire,7.0300002,130.7,30,5.3,73.4
1990,New Jersey,6.6300001,130.7,31,5.1,67.1
1990,New Mexico,6.6300001,130.7,32,6.7,63.6
1990,New York,6.6300001,130.7,33,5.4,62.7
1990,North Carolina,6.6300001,130.7,34,4.1,68.2
1990,North Dakota,6.6300001,130.7,35,4.1,68.4
1990,Ohio,6.6300001,130.7,36,5.8,65.7
1990,Oklahoma,6.6300001,130.7,37,5.4,64.8
1990,Oregon,6.6300001,130.7,38,5.4,68.1
1990,Pennsylvania,6.6300001,130.7,39,5.5,63.1
1990,Rhode Island,7.2199998,130.7,40,6.3,67.5
1990,South Carolina,6.6300001,130.7,41,4.9,66.6
1990,South Dakota,6.6300001,130.7,42,3.6,69.7
1990,Tennessee,6.6300001,130.7,43,5.4,63.7
1990,Texas,6.6300001,130.7,44,6.4,68.3
1990,Utah,6.6300001,130.7,45,4.4,70.6
1990,Vermont,7.0300002,130.7,46,4.7,71.5
1990,Virginia,6.6300001,130.7,47,4.4,69.5
1990,Washington,6.6300001,130.7,48,5.2,68.6
1990,West Virginia,6.6300001,130.7,49,8.6,55
1990,Wisconsin,6.6300001,130.7,50,4.4,70.7
1990,Wyoming,6.6300001,130.7,51,5.1,72
1991,Alabama,7.2199998,136.2,1,7.3,61.8
1991,Alaska,8.1700001,136.2,2,8.3,72.4
1991,Arizona,7.2199998,136.2,3,5.9,63.4
1991,Arkansas,7.2199998,136.2,4,7.3,63
1991,California,8.0699997,136.2,5,7.8,66.4
1991,Colorado,7.2199998,136.2,6,5.3,71
1991,Connecticut,8.0699997,136.2,7,6.6,71.1
1991,Delaware,7.2199998,136.2,8,5.9,69.5
1991,District of Columbia,7.2199998,136.2,9,7.7,66.7
1991,Florida,7.2199998,136.2,10,7.6,62.1
1991,Georgia,7.2199998,136.2,11,5.3,66.6
1991,Hawaii,7.3099999,136.2,12,2.8,68.4
1991,Idaho,7.2199998,136.2,13,6.3,67.8
1991,Illinois,7.2199998,136.2,14,7.3,67.7
1991,Indiana,7.2199998,136.2,15,5.7,66
1991,Iowa,8.0699997,136.2,16,4.7,69.9
1991,Kansas,7.2199998,136.2,17,4.5,70.1
1991,Kentucky,7.2199998,136.2,18,7.3,62.3
1991,Louisiana,7.2199998,136.2,19,7.2,61.5
1991,Maine,7.3099999,136.2,20,7.8,67.8
1991,Maryland,7.2199998,136.2,21,5.9,70.4
1991,Massachusetts,7.2199998,136.2,22,8.9,67.8
1991,Michigan,7.2199998,136.2,23,9.3,65
1991,Minnesota,8.0699997,136.2,24,5.1,73.5
1991,Mississippi,7.2199998,136.2,25,8.4,61.9
1991,Missouri,7.2199998,136.2,26,6.6,67.7
1991,Montana,7.2199998,136.2,27,6.9,66.9
1991,Nebraska,7.2199998,136.2,28,2.7,71.4
1991,Nevada,7.2199998,136.2,29,5.9,70.1
1991,New Hampshire,7.3099999,136.2,30,6.8,73.1
1991,New Jersey,7.2199998,136.2,31,6.8,66.9
1991,New Mexico,7.2199998,136.2,32,7.3,63.5
1991,New York,7.2199998,136.2,33,7.3,62
1991,North Carolina,7.2199998,136.2,34,5.9,68.2
1991,North Dakota,7.2199998,136.2,35,4.4,68.2
1991,Ohio,7.2199998,136.2,36,6.5,65.3
1991,Oklahoma,7.2199998,136.2,37,6,64
1991,Oregon,9.0200005,136.2,38,6.2,67.6
1991,Pennsylvania,7.2199998,136.2,39,6.9,63.1
1991,Rhode Island,8.0699997,136.2,40,8.4,67.4
1991,South Carolina,7.2199998,136.2,41,6.1,66.4
1991,South Dakota,7.2199998,136.2,42,3.5,70.1
1991,Tennessee,7.2199998,136.2,43,6.6,63.3
1991,Texas,7.2199998,136.2,44,7,68.5
1991,Utah,7.2199998,136.2,45,4.8,70.5
1991,Vermont,7.3099999,136.2,46,6,70.9
1991,Virginia,7.2199998,136.2,47,5.8,70.4
1991,Washington,8.0699997,136.2,48,6.1,68
1991,West Virginia,7.2199998,136.2,49,10.7,55.4
1991,Wisconsin,7.2199998,136.2,50,5.4,70.7
1991,Wyoming,7.2199998,136.2,51,5,71
1992,Alabama,7.8400002,140.3,1,7.5,62.3
1992,Alaska,8.7600002,140.3,2,8.9,72.6
1992,Arizona,7.8400002,140.3,3,7.6,63.5
1992,Arkansas,7.8400002,140.3,4,7,63.5
1992,California,7.8400002,140.3,5,9.4,66.4
1992,Colorado,7.8400002,140.3,6,6.1,70.5
1992,Connecticut,7.8699999,140.3,7,7.3,71.1
1992,Delaware,7.8400002,140.3,8,5.2,69.4
1992,District of Columbia,7.8400002,140.3,9,8.6,66.9
1992,Florida,7.8400002,140.3,10,8.4,62
1992,Georgia,7.8400002,140.3,11,6.6,67.3
1992,Hawaii,7.8400002,140.3,12,4.1,68.7
1992,Idaho,7.8400002,140.3,13,6.5,68.3
1992,Illinois,7.8400002,140.3,14,7.9,68.2
1992,Indiana,7.8400002,140.3,15,6.1,66.7
1992,Iowa,8.5699997,140.3,16,4.5,71.8
1992,Kansas,7.8400002,140.3,17,4.6,70.5
1992,Kentucky,7.8400002,140.3,18,6.9,62.2
1992,Louisiana,7.8400002,140.3,19,7.8,61.7
1992,Maine,7.8400002,140.3,20,7.3,67.8
1992,Maryland,7.8400002,140.3,21,6.5,70.9
1992,Massachusetts,7.8400002,140.3,22,8.8,68
1992,Michigan,7.8400002,140.3,23,9.1,65.5
1992,Minnesota,7.8400002,140.3,24,5,73.7
1992,Mississippi,7.8400002,140.3,25,8,61.8
1992,Missouri,7.8400002,140.3,26,6.2,67.4
1992,Montana,7.8400002,140.3,27,6.7,68.4
1992,Nebraska,7.8400002,140.3,28,2.9,71.4
1992,Nevada,7.8400002,140.3,29,6.8,69.6
1992,New Hampshire,7.8400002,140.3,30,7.3,72.7
1992,New Jersey,7.8400002,140.3,31,8.5,66.6
1992,New Mexico,7.8400002,140.3,32,7.3,63.3
1992,New York,7.8400002,140.3,33,8.7,62
1992,North Carolina,7.8400002,140.3,34,6.3,68.3
1992,North Dakota,7.8400002,140.3,35,4.6,68
1992,Ohio,7.8400002,140.3,36,7.4,65.9
1992,Oklahoma,7.8400002,140.3,37,5.9,63.9
1992,Oregon,8.7600002,140.3,38,7.3,67.9
1992,Pennsylvania,7.8400002,140.3,39,7.5,63.5
1992,Rhode Island,8.1999998,140.3,40,9,68
1992,South Carolina,7.8400002,140.3,41,6.8,66.7
1992,South Dakota,7.8400002,140.3,42,3.5,70.6
1992,Tennessee,7.8400002,140.3,43,6.5,63.7
1992,Texas,7.8400002,140.3,44,7.7,69.1
1992,Utah,7.8400002,140.3,45,4.9,70.6
1992,Vermont,7.8400002,140.3,46,6.3,71.7
1992,Virginia,7.8400002,140.3,47,6.2,70.6
1992,Washington,7.8400002,140.3,48,7.2,68.6
1992,West Virginia,7.8400002,140.3,49,11.2,55.6
1992,Wisconsin,7.8400002,140.3,50,5.1,71.6
1992,Wyoming,7.8400002,140.3,51,5.4,70.4
1993,Alabama,7.6100001,144.5,1,7.2,62.5
1993,Alaska,8.5,144.5,2,7.8,72.9
1993,Arizona,7.6100001,144.5,3,6.4,63.2
1993,Arkansas,7.6100001,144.5,4,6.1,63.2
1993,California,7.6100001,144.5,5,9.5,65.9
1993,Colorado,7.6100001,144.5,6,5.4,71.1
1993,Connecticut,7.6399999,144.5,7,6.5,70.4
1993,Delaware,7.6100001,144.5,8,4.9,70
1993,District of Columbia,7.6100001,144.5,9,8.4,66.7
1993,Florida,7.6100001,144.5,10,7.4,62.1
1993,Georgia,7.6100001,144.5,11,5.7,67.3
1993,Hawaii,7.6100001,144.5,12,4.4,68.5
1993,Idaho,7.6100001,144.5,13,6.1,68.7
1993,Illinois,7.6100001,144.5,14,7.5,68.1
1993,Indiana,7.6100001,144.5,15,5.1,67.9
1993,Iowa,8.3199997,144.5,16,4.1,72.6
1993,Kansas,7.6100001,144.5,17,4.9,70.7
1993,Kentucky,7.6100001,144.5,18,6.2,62.2
1993,Louisiana,7.6100001,144.5,19,7.5,60.8
1993,Maine,7.6100001,144.5,20,6.8,66.4
1993,Maryland,7.6100001,144.5,21,6,70.7
1993,Massachusetts,7.6100001,144.5,22,7.3,67.9
1993,Michigan,7.6100001,144.5,23,7.4,65.9
1993,Minnesota,7.6100001,144.5,24,4.8,74.1
1993,Mississippi,7.6100001,144.5,25,6.7,62.2
1993,Missouri,7.6100001,144.5,26,6.2,67.8
1993,Montana,7.6100001,144.5,27,6.1,67.9
1993,Nebraska,7.6100001,144.5,28,2.8,71.9
1993,Nevada,7.6100001,144.5,29,6.9,70.1
1993,New Hampshire,7.6100001,144.5,30,6.1,72.4
1993,New Jersey,7.6100001,144.5,31,7.8,65.7
1993,New Mexico,7.6100001,144.5,32,7.3,63.5
1993,New York,7.6100001,144.5,33,7.9,61.7
1993,North Carolina,7.6100001,144.5,34,5.1,67.4
1993,North Dakota,7.6100001,144.5,35,4.3,68.4
1993,Ohio,7.6100001,144.5,36,6.7,65.6
1993,Oklahoma,7.6100001,144.5,37,5.7,63.6
1993,Oregon,8.5,144.5,38,7,68.2
1993,Pennsylvania,7.6100001,144.5,39,6.9,63.3
1993,Rhode Island,7.9699998,144.5,40,7.5,67.1
1993,South Carolina,7.6100001,144.5,41,7.3,66.7
1993,South Dakota,7.6100001,144.5,42,3.5,70.7
1993,Tennessee,7.6100001,144.5,43,5.9,64.4
1993,Texas,7.6100001,144.5,44,7.2,69
1993,Utah,7.6100001,144.5,45,4.1,71.9
1993,Vermont,7.6100001,144.5,46,5.2,71.7
1993,Virginia,7.6100001,144.5,47,5.2,69.4
1993,Washington,7.6100001,144.5,48,7.3,68.3
1993,West Virginia,7.6100001,144.5,49,10.3,55
1993,Wisconsin,7.6100001,144.5,50,4.4,72
1993,Wyoming,7.6100001,144.5,51,5.3,70.3
1994,Alabama,7.4200001,148.2,1,6.2,63
1994,Alaska,8.29,148.2,2,7.6,73.5
1994,Arizona,7.4200001,148.2,3,6.2,65.5
1994,Arkansas,7.4200001,148.2,4,5.4,64
1994,California,7.4200001,148.2,5,8.7,65.8
1994,Colorado,7.4200001,148.2,6,4.1,72.6
1994,Connecticut,7.4499998,148.2,7,5.5,69
1994,Delaware,7.4200001,148.2,8,4.7,70.5
1994,District of Columbia,7.4200001,148.2,9,7.9,66.7
1994,Florida,7.4200001,148.2,10,6.5,62.4
1994,Georgia,7.4200001,148.2,11,5.1,67.6
1994,Hawaii,9.1599998,148.2,12,5.2,67.8
1994,Idaho,7.4200001,148.2,13,5.5,70.7
1994,Illinois,7.4200001,148.2,14,5.8,68
1994,Indiana,7.4200001,148.2,15,4.7,69.6
1994,Iowa,8.1199999,148.2,16,3.6,72.9
1994,Kansas,7.4200001,148.2,17,4.8,70.9
1994,Kentucky,7.4200001,148.2,18,5.4,62.5
1994,Louisiana,7.4200001,148.2,19,7.7,61.6
1994,Maine,7.4200001,148.2,20,6.6,65.9
1994,Maryland,7.4200001,148.2,21,5.2,70.9
1994,Massachusetts,7.4200001,148.2,22,6.2,67.8
1994,Michigan,7.4200001,148.2,23,6.1,66.4
1994,Minnesota,7.4200001,148.2,24,4,75
1994,Mississippi,7.4200001,148.2,25,6.3,62.9
1994,Missouri,7.4200001,148.2,26,5.2,68.4
1994,Montana,7.4200001,148.2,27,5.5,68.1
1994,Nebraska,7.4200001,148.2,28,2.6,72.9
1994,Nevada,7.4200001,148.2,29,6.2,70.1
1994,New Hampshire,7.4200001,148.2,30,4.5,72.2
1994,New Jersey,8.8100004,148.2,31,6.8,66
1994,New Mexico,7.4200001,148.2,32,6.5,63.6
1994,New York,7.4200001,148.2,33,6.9,61.3
1994,North Carolina,7.4200001,148.2,34,4.4,67.1
1994,North Dakota,7.4200001,148.2,35,3.7,71.3
1994,Ohio,7.4200001,148.2,36,5.7,66
1994,Oklahoma,7.4200001,148.2,37,5.3,63.8
1994,Oregon,8.29,148.2,38,5.3,68.5
1994,Pennsylvania,7.4200001,148.2,39,6.3,63
1994,Rhode Island,7.77,148.2,40,6.6,65.8
1994,South Carolina,7.4200001,148.2,41,6.2,66.4
1994,South Dakota,7.4200001,148.2,42,3.3,71.2
1994,Tennessee,7.4200001,148.2,43,4.8,66.4
1994,Texas,7.4200001,148.2,44,6.6,69.3
1994,Utah,7.4200001,148.2,45,3.7,73.3
1994,Vermont,7.4200001,148.2,46,4.4,71.3
1994,Virginia,7.4200001,148.2,47,4.8,69.4
1994,Washington,7.4200001,148.2,48,6.3,67.9
1994,West Virginia,7.4200001,148.2,49,8.8,55
1994,Wisconsin,7.4200001,148.2,50,4.2,73.1
1994,Wyoming,7.4200001,148.2,51,4.9,70.8
1995,Alabama,7.21,152.39999,1,5.8,63.5
1995,Alaska,8.0600004,152.39999,2,7.3,72.8
1995,Arizona,7.21,152.39999,3,5.3,66.8
1995,Arkansas,7.21,152.39999,4,4.9,63.9
1995,California,7.21,152.39999,5,7.9,65.6
1995,Colorado,7.21,152.39999,6,4,73.5
1995,Connecticut,7.25,152.39999,7,5.3,68.2
1995,Delaware,7.21,152.39999,8,4.3,69.5
1995,District of Columbia,7.21,152.39999,9,8.6,65.7
1995,Florida,7.21,152.39999,10,5.6,62.1
1995,Georgia,7.21,152.39999,11,4.7,67.6
1995,Hawaii,8.9099998,152.39999,12,5.5,67.5
1995,Idaho,7.21,152.39999,13,5.5,70.3
1995,Illinois,7.21,152.39999,14,5.2,68.3
1995,Indiana,7.21,152.39999,15,4.4,70.5
1995,Iowa,7.8899999,152.39999,16,3.5,73
1995,Kansas,7.21,152.39999,17,4.4,70.5
1995,Kentucky,7.21,152.39999,18,5.4,62.8
1995,Louisiana,7.21,152.39999,19,6.9,61.5
1995,Maine,7.21,152.39999,20,5.9,66.9
1995,Maryland,7.21,152.39999,21,5,71
1995,Massachusetts,7.21,152.39999,22,5.5,67.5
1995,Michigan,7.21,152.39999,23,5.3,66.3
1995,Minnesota,7.21,152.39999,24,3.7,75.3
1995,Mississippi,7.21,152.39999,25,6.2,62.7
1995,Missouri,7.21,152.39999,26,4.8,70.1
1995,Montana,7.21,152.39999,27,5.7,67.5
1995,Nebraska,7.21,152.39999,28,2.6,73.3
1995,Nevada,7.21,152.39999,29,5.6,69.4
1995,New Hampshire,7.21,152.39999,30,3.8,71.9
1995,New Jersey,8.5699997,152.39999,31,6.4,66.4
1995,New Mexico,7.21,152.39999,32,6.7,63.5
1995,New York,7.21,152.39999,33,6.3,61.1
1995,North Carolina,7.21,152.39999,34,4.4,67
1995,North Dakota,7.21,152.39999,35,3.3,71.4
1995,Ohio,7.21,152.39999,36,4.9,66.1
1995,Oklahoma,7.21,152.39999,37,4.5,63.6
1995,Oregon,8.0600004,152.39999,38,4.8,67.9
1995,Pennsylvania,7.21,152.39999,39,5.9,62.9
1995,Rhode Island,7.5500002,152.39999,40,6.3,65.3
1995,South Carolina,7.21,152.39999,41,5.1,66.2
1995,South Dakota,7.21,152.39999,42,3.2,71.5
1995,Tennessee,7.21,152.39999,43,5.2,66.8
1995,Texas,7.21,152.39999,44,6.1,69.3
1995,Utah,7.21,152.39999,45,3.4,72.4
1995,Vermont,7.21,152.39999,46,4.2,71.4
1995,Virginia,7.21,152.39999,47,4.5,69.2
1995,Washington,7.21,152.39999,48,6.2,68.1
1995,West Virginia,7.21,152.39999,49,8,54.8
1995,Wisconsin,7.21,152.39999,50,3.7,73.5
1995,Wyoming,7.21,152.39999,51,4.8,70.6
1996,Alabama,7.0100002,156.89999,1,5.2,63.7
1996,Alaska,7.8299999,156.89999,2,7.4,73.4
1996,Arizona,7.0100002,156.89999,3,5.5,66
1996,Arkansas,7.0100002,156.89999,4,5.2,63.8
1996,California,7.0100002,156.89999,5,7.4,65.7
1996,Colorado,7.0100002,156.89999,6,4.2,72.7
1996,Connecticut,7.04,156.89999,7,5.2,68.4
1996,Delaware,7.6700001,156.89999,8,5,68.8
1996,District of Columbia,8.6499996,156.89999,9,8.4,64.1
1996,Florida,7.0100002,156.89999,10,5.3,62
1996,Georgia,7.0100002,156.89999,11,4.6,68.1
1996,Hawaii,8.6499996,156.89999,12,5.9,67.8
1996,Idaho,7.0100002,156.89999,13,5.4,70.2
1996,Illinois,7.0100002,156.89999,14,5.3,68.6
1996,Indiana,7.0100002,156.89999,15,4,69.2
1996,Iowa,7.6700001,156.89999,16,3.6,73.4
1996,Kansas,7.0100002,156.89999,17,4.3,70.5
1996,Kentucky,7.0100002,156.89999,18,5.4,62.7
1996,Louisiana,7.0100002,156.89999,19,6.5,61.8
1996,Maine,7.0100002,156.89999,20,5.3,68
1996,Maryland,7.0100002,156.89999,21,4.9,71.2
1996,Massachusetts,7.8299999,156.89999,22,4.6,67.7
1996,Michigan,7.0100002,156.89999,23,4.9,66.5
1996,Minnesota,7.0100002,156.89999,24,3.8,75.2
1996,Mississippi,7.0100002,156.89999,25,6,62.4
1996,Missouri,7.0100002,156.89999,26,4.7,70.7
1996,Montana,7.0100002,156.89999,27,5.6,67.2
1996,Nebraska,7.0100002,156.89999,28,2.7,73.4
1996,Nevada,7.0100002,156.89999,29,5.1,69.5
1996,New Hampshire,7.0100002,156.89999,30,3.7,71.1
1996,New Jersey,8.3299999,156.89999,31,6.1,67
1996,New Mexico,7.0100002,156.89999,32,7.5,63.4
1996,New York,7.0100002,156.89999,33,6.3,61.8
1996,North Carolina,7.0100002,156.89999,34,4.3,67.9
1996,North Dakota,7.0100002,156.89999,35,3.1,71.8
1996,Ohio,7.0100002,156.89999,36,5,66.4
1996,Oklahoma,7.0100002,156.89999,37,4,63.9
1996,Oregon,7.8299999,156.89999,38,5.6,68.5
1996,Pennsylvania,7.0100002,156.89999,39,5.5,63.6
1996,Rhode Island,7.3400002,156.89999,40,5.2,65.7
1996,South Carolina,7.0100002,156.89999,41,5.7,66.2
1996,South Dakota,7.0100002,156.89999,42,3.3,71.6
1996,Tennessee,7.0100002,156.89999,43,5.2,66.6
1996,Texas,7.0100002,156.89999,44,5.8,69.1
1996,Utah,7.0100002,156.89999,45,3.4,71.7
1996,Vermont,7.8299999,156.89999,46,4.3,71.8
1996,Virginia,7.0100002,156.89999,47,4.3,68.1
1996,Washington,8.0799999,156.89999,48,5.9,69
1996,West Virginia,7.0100002,156.89999,49,7.7,55
1996,Wisconsin,7.0100002,156.89999,50,3.6,73.9
1996,Wyoming,7.0100002,156.89999,51,5,70.3
1997,Alabama,7.6599998,160.5,1,4.9,64.4
1997,Alaska,8.46,160.5,2,6.9,73.7
1997,Arizona,7.6599998,160.5,3,4.6,64.3
1997,Arkansas,7.6599998,160.5,4,5.1,63.2
1997,California,7.6599998,160.5,5,6.4,66.3
1997,Colorado,7.6599998,160.5,6,3.4,72.8
1997,Connecticut,7.6900001,160.5,7,4.7,68.4
1997,Delaware,8.0600004,160.5,8,4,68
1997,District of Columbia,9.2700005,160.5,9,8.1,63.8
1997,Florida,7.6599998,160.5,10,4.9,62.5
1997,Georgia,7.6599998,160.5,11,4.5,68.9
1997,Hawaii,8.46,160.5,12,5.9,67.7
1997,Idaho,7.6599998,160.5,13,5.2,70.4
1997,Illinois,7.6599998,160.5,14,4.8,68.7
1997,Indiana,7.6599998,160.5,15,3.4,69.1
1997,Iowa,7.6599998,160.5,16,3.1,72.6
1997,Kansas,7.6599998,160.5,17,3.8,70.6
1997,Kentucky,7.6599998,160.5,18,5.2,63.6
1997,Louisiana,7.6599998,160.5,19,5.9,61.9
1997,Maine,7.6599998,160.5,20,5.2,67.8
1997,Maryland,7.6599998,160.5,21,4.8,71.3
1997,Massachusetts,8.46,160.5,22,4.1,68.6
1997,Michigan,7.6599998,160.5,23,4.3,67.1
1997,Minnesota,7.6599998,160.5,24,3.2,75
1997,Mississippi,7.6599998,160.5,25,5.7,62.2
1997,Missouri,7.6599998,160.5,26,4.4,70.9
1997,Montana,7.6599998,160.5,27,5.5,67.3
1997,Nebraska,7.6599998,160.5,28,2.4,73.1
1997,Nevada,7.6599998,160.5,29,4.4,69.9
1997,New Hampshire,7.6599998,160.5,30,3.4,71.9
1997,New Jersey,8.1400003,160.5,31,5.3,67.4
1997,New Mexico,7.6599998,160.5,32,6.4,63.2
1997,New York,7.6599998,160.5,33,6.4,63.2
1997,North Carolina,7.6599998,160.5,34,3.8,68
1997,North Dakota,7.6599998,160.5,35,3,71.9
1997,Ohio,7.6599998,160.5,36,4.6,66.9
1997,Oklahoma,7.6599998,160.5,37,4,64.1
1997,Oregon,8.8599997,160.5,38,5.6,68.6
1997,Pennsylvania,7.6599998,160.5,39,5.1,64.3
1997,Rhode Island,8.3000002,160.5,40,5.3,66.9
1997,South Carolina,7.6599998,160.5,41,4.5,66.3
1997,South Dakota,7.6599998,160.5,42,2.9,71.8
1997,Tennessee,7.6599998,160.5,43,5.3,65.9
1997,Texas,7.6599998,160.5,44,5.4,69.1
1997,Utah,7.6599998,160.5,45,3.2,71.8
1997,Vermont,8.0600004,160.5,46,3.9,72
1997,Virginia,7.6599998,160.5,47,3.7,67.7
1997,Washington,7.9000001,160.5,48,4.9,69.5
1997,West Virginia,7.6599998,160.5,49,7,55.1
1997,Wisconsin,7.6599998,160.5,50,3.5,74.1
1997,Wyoming,7.6599998,160.5,51,4.8,70.1
1998,Alabama,8.1700001,163,1,4.5,64.1
1998,Alaska,8.9700003,163,2,6.3,73.9
1998,Arizona,8.1700001,163,3,4.3,64.9
1998,Arkansas,8.1700001,163,4,5.1,62.8
1998,California,8.1700001,163,5,5.9,66.6
1998,Colorado,8.1700001,163,6,3.6,74.1
1998,Connecticut,8.2200003,163,7,3.2,67.6
1998,Delaware,8.1700001,163,8,3.5,68.1
1998,District of Columbia,9.7600002,163,9,8.3,64.8
1998,Florida,8.1700001,163,10,4.5,62.6
1998,Georgia,8.1700001,163,11,4.2,69.2
1998,Hawaii,8.3299999,163,12,5.8,67.3
1998,Idaho,8.1700001,163,13,5.2,71
1998,Illinois,8.1700001,163,14,4.5,68.7
1998,Indiana,8.1700001,163,15,3,68.8
1998,Iowa,8.1700001,163,16,2.8,72
1998,Kansas,8.1700001,163,17,3.7,70.9
1998,Kentucky,8.1700001,163,18,4.5,63.4
1998,Louisiana,8.1700001,163,19,5.5,62.2
1998,Maine,8.1700001,163,20,4.5,67.2
1998,Maryland,8.1700001,163,21,4.2,70.5
1998,Massachusetts,8.3299999,163,22,3.4,68.6
1998,Michigan,8.1700001,163,23,4,67.5
1998,Minnesota,8.1700001,163,24,2.7,74.9
1998,Mississippi,8.1700001,163,25,5.2,61.7
1998,Missouri,8.1700001,163,26,4,70.7
1998,Montana,8.1700001,163,27,5.6,68.4
1998,Nebraska,8.1700001,163,28,2.5,73.2
1998,Nevada,8.1700001,163,29,4.2,69.2
1998,New Hampshire,8.1700001,163,30,2.8,71.9
1998,New Jersey,8.1700001,163,31,4.6,66.7
1998,New Mexico,8.1700001,163,32,6.2,63.4
1998,New York,8.1700001,163,33,5.6,63.1
1998,North Carolina,8.1700001,163,34,3.5,66.9
1998,North Dakota,8.1700001,163,35,3,71.4
1998,Ohio,8.1700001,163,36,4.4,66.7
1998,Oklahoma,8.1700001,163,37,4.1,64.5
1998,Oregon,9.5200005,163,38,5.6,68.9
1998,Pennsylvania,8.1700001,163,39,4.7,64.3
1998,Rhode Island,8.1700001,163,40,4.5,66.5
1998,South Carolina,8.1700001,163,41,3.6,65.9
1998,South Dakota,8.1700001,163,42,2.8,72.1
1998,Tennessee,8.1700001,163,43,4.4,65.8
1998,Texas,8.1700001,163,44,5,69.1
1998,Utah,8.1700001,163,45,3.6,72.4
1998,Vermont,8.3299999,163,46,3.5,72.2
1998,Virginia,8.1700001,163,47,2.8,67.7
1998,Washington,8.1700001,163,48,4.8,69.7
1998,West Virginia,8.1700001,163,49,6.7,55.5
1998,Wisconsin,8.1700001,163,50,3.3,73.9
1998,Wyoming,8.1700001,163,51,4.8,71
1999,Alabama,8,166.60001,1,4.7,64
1999,Alaska,8.7700005,166.60001,2,6.4,73.6
1999,Arizona,8,166.60001,3,4.5,65.9
1999,Arkansas,8,166.60001,4,4.5,62.7
1999,California,8,166.60001,5,5.3,66.6
1999,Colorado,8,166.60001,6,3,73.2
1999,Connecticut,8.04,166.60001,7,2.5,67.5
1999,Delaware,8,166.60001,8,3.3,67.9
1999,District of Columbia,9.5500002,166.60001,9,6.6,66.8
1999,Florida,8,166.60001,10,3.9,62.7
1999,Georgia,8,166.60001,11,3.8,69.1
1999,Hawaii,8.1499996,166.60001,12,5.2,67.1
1999,Idaho,8,166.60001,13,5,70.1
1999,Illinois,8,166.60001,14,4.4,69.5
1999,Indiana,8,166.60001,15,3,68.3
1999,Iowa,8,166.60001,16,2.7,71.7
1999,Kansas,8,166.60001,17,3.5,70.7
1999,Kentucky,8,166.60001,18,4.5,63.6
1999,Louisiana,8,166.60001,19,5,61.8
1999,Maine,8,166.60001,20,4,68
1999,Maryland,8,166.60001,21,3.5,70.1
1999,Massachusetts,8.1499996,166.60001,22,3.3,68.7
1999,Michigan,8,166.60001,23,3.7,68.3
1999,Minnesota,8,166.60001,24,2.7,74.7
1999,Mississippi,8,166.60001,25,5.1,61.6
1999,Missouri,8,166.60001,26,3.2,70.2
1999,Montana,8,166.60001,27,5.3,68.6
1999,Nebraska,8,166.60001,28,2.7,73
1999,Nevada,8,166.60001,29,4,69.7
1999,New Hampshire,8,166.60001,30,2.8,72.3
1999,New Jersey,8,166.60001,31,4.4,66.9
1999,New Mexico,8,166.60001,32,5.6,62.9
1999,New York,8,166.60001,33,5.2,63
1999,North Carolina,8,166.60001,34,3.3,67
1999,North Dakota,8,166.60001,35,3.1,70.6
1999,Ohio,8,166.60001,36,4.3,67
1999,Oklahoma,8,166.60001,37,3.5,64.6
1999,Oregon,9.3199997,166.60001,38,5.5,68.4
1999,Pennsylvania,8,166.60001,39,4.5,64.4
1999,Rhode Island,8,166.60001,40,4.2,67
1999,South Carolina,8,166.60001,41,4.1,65.5
1999,South Dakota,8,166.60001,42,2.7,72.5
1999,Tennessee,8,166.60001,43,4,65.9
1999,Texas,8,166.60001,44,4.7,68.8
1999,Utah,8,166.60001,45,3.5,72.3
1999,Vermont,8.1499996,166.60001,46,3.1,72
1999,Virginia,8,166.60001,47,2.7,67.9
1999,Washington,8,166.60001,48,4.8,69.5
1999,West Virginia,8,166.60001,49,6.5,55.8
1999,Wisconsin,8,166.60001,50,3.1,73.1
1999,Wyoming,8,166.60001,51,4.7,71.3
2000,Alabama,7.7399998,172.2,1,4.6,63.6
2000,Alaska,8.4899998,172.2,2,6.3,73.3
2000,Arizona,7.7399998,172.2,3,4,65.2
2000,Arkansas,7.7399998,172.2,4,4.2,62.2
2000,California,8.6400003,172.2,5,4.9,67.1
2000,Colorado,7.7399998,172.2,6,2.7,72.2
2000,Connecticut,9.2399998,172.2,7,2.1,67.8
2000,Delaware,8.4899998,172.2,8,3.6,69.2
2000,District of Columbia,9.2399998,172.2,9,5.7,67.7
2000,Florida,7.7399998,172.2,10,3.8,63.4
2000,Georgia,7.7399998,172.2,11,3.5,69
2000,Hawaii,7.8899999,172.2,12,4.3,67.2
2000,Idaho,7.7399998,172.2,13,4.7,69.5
2000,Illinois,7.7399998,172.2,14,4.4,69.5
2000,Indiana,7.7399998,172.2,15,3.1,67.9
2000,Iowa,7.7399998,172.2,16,2.7,71.4
2000,Kansas,7.7399998,172.2,17,3.8,70.1
2000,Kentucky,7.7399998,172.2,18,4.1,63.4
2000,Louisiana,7.7399998,172.2,19,5.2,61.6
2000,Maine,7.7399998,172.2,20,3.3,68.1
2000,Maryland,7.7399998,172.2,21,3.5,70.1
2000,Massachusetts,9.0100002,172.2,22,2.8,67.8
2000,Michigan,7.7399998,172.2,23,3.7,68.6
2000,Minnesota,7.7399998,172.2,24,3,75
2000,Mississippi,7.7399998,172.2,25,5.3,62.5
2000,Missouri,7.7399998,172.2,26,3.4,70.2
2000,Montana,7.7399998,172.2,27,4.8,68.4
2000,Nebraska,7.7399998,172.2,28,2.8,73.1
2000,Nevada,7.7399998,172.2,29,4.1,70.3
2000,New Hampshire,7.7399998,172.2,30,2.7,72.2
2000,New Jersey,7.7399998,172.2,31,3.7,66.6
2000,New Mexico,7.7399998,172.2,32,5,63.1
2000,New York,7.7399998,172.2,33,4.5,62.8
2000,North Carolina,7.7399998,172.2,34,3.8,67.5
2000,North Dakota,7.7399998,172.2,35,2.9,70.7
2000,Ohio,7.7399998,172.2,36,4.1,67.1
2000,Oklahoma,7.7399998,172.2,37,3,64.2
2000,Oregon,9.7600002,172.2,38,5.2,68.6
2000,Pennsylvania,7.7399998,172.2,39,4.2,64.4
2000,Rhode Island,8.4899998,172.2,40,4,66.8
2000,South Carolina,7.7399998,172.2,41,3.7,64.9
2000,South Dakota,7.7399998,172.2,42,2.5,72.8
2000,Tennessee,7.7399998,172.2,43,3.9,65.4
2000,Texas,7.7399998,172.2,44,4.4,68.4
2000,Utah,7.7399998,172.2,45,3.3,72.2
2000,Vermont,8.6400003,172.2,46,2.8,70.5
2000,Virginia,7.7399998,172.2,47,2.3,68
2000,Washington,9.7600002,172.2,48,5.1,69.1
2000,West Virginia,7.7399998,172.2,49,5.6,55.9
2000,Wisconsin,7.7399998,172.2,50,3.4,73.1
2000,Wyoming,7.7399998,172.2,51,3.8,71.3
2001,Alabama,7.52,177.10001,1,5.2,62.7
2001,Alaska,8.25,177.10001,2,6.3,72.6
2001,Arizona,7.52,177.10001,3,4.7,65.6
2001,Arkansas,7.52,177.10001,4,4.8,61.8
2001,California,9.1300001,177.10001,5,5.5,67
2001,Colorado,7.52,177.10001,6,3.8,71.6
2001,Connecticut,9.3500004,177.10001,7,2.9,67
2001,Delaware,8.9799995,177.10001,8,3.6,69.7
2001,District of Columbia,8.9799995,177.10001,9,6.5,67.5
2001,Florida,7.52,177.10001,10,4.4,63.2
2001,Georgia,7.52,177.10001,11,4.1,68.4
2001,Hawaii,7.6700001,177.10001,12,4.3,67
2001,Idaho,7.52,177.10001,13,5.1,70
2001,Illinois,7.52,177.10001,14,5.4,68.6
2001,Indiana,7.52,177.10001,15,4.2,67.9
2001,Iowa,7.52,177.10001,16,3.3,71.9
2001,Kansas,7.52,177.10001,17,4.3,69.4
2001,Kentucky,7.52,177.10001,18,5.2,62.9
2001,Louisiana,7.52,177.10001,19,5.6,61.5
2001,Maine,7.52,177.10001,20,3.8,67.2
2001,Maryland,7.52,177.10001,21,4.2,70
2001,Massachusetts,9.8599997,177.10001,22,3.8,68.1
2001,Michigan,7.52,177.10001,23,5.2,67.8
2001,Minnesota,7.52,177.10001,24,3.8,75.3
2001,Mississippi,7.52,177.10001,25,5.5,61.5
2001,Missouri,7.52,177.10001,26,4.5,69.9
2001,Montana,7.52,177.10001,27,4.6,67.1
2001,Nebraska,7.52,177.10001,28,3.2,73.2
2001,Nevada,7.52,177.10001,29,5.2,70.5
2001,New Hampshire,7.52,177.10001,30,3.4,71.7
2001,New Jersey,7.52,177.10001,31,4.2,66.2
2001,New Mexico,7.52,177.10001,32,5,63.2
2001,New York,7.52,177.10001,33,4.9,62.3
2001,North Carolina,7.52,177.10001,34,5.6,67.6
2001,North Dakota,7.52,177.10001,35,2.8,70.7
2001,Ohio,7.52,177.10001,36,4.4,67.2
2001,Oklahoma,7.52,177.10001,37,3.6,64.5
2001,Oregon,9.4899998,177.10001,38,6.4,67.7
2001,Pennsylvania,7.52,177.10001,39,4.8,64.9
2001,Rhode Island,8.9799995,177.10001,40,4.4,66.1
2001,South Carolina,7.52,177.10001,41,5.3,63.4
2001,South Dakota,7.52,177.10001,42,3,73
2001,Tennessee,7.52,177.10001,43,4.5,64.9
2001,Texas,7.52,177.10001,44,5,68
2001,Utah,7.52,177.10001,45,4.4,71.8
2001,Vermont,9.1300001,177.10001,46,3.3,70.6
2001,Virginia,7.52,177.10001,47,3.3,68.4
2001,Washington,9.8100004,177.10001,48,6,68.1
2001,West Virginia,7.52,177.10001,49,5.4,55.8
2001,Wisconsin,7.52,177.10001,50,4.4,73.1
2001,Wyoming,7.52,177.10001,51,3.8,71.5
2002,Alabama,7.4000001,179.89999,1,5.9,62.1
2002,Alaska,8.1199999,179.89999,2,7.2,72.4
2002,Arizona,7.4000001,179.89999,3,6.1,66
2002,Arkansas,7.4000001,179.89999,4,5.3,62.2
2002,California,9.71,179.89999,5,6.8,66.6
2002,Colorado,7.4000001,179.89999,6,5.7,71.9
2002,Connecticut,9.6300001,179.89999,7,4.4,67.5
2002,Delaware,8.8400002,179.89999,8,4.3,68.1
2002,District of Columbia,8.8400002,179.89999,9,7,66.9
2002,Florida,7.4000001,179.89999,10,5,62
2002,Georgia,7.4000001,179.89999,11,5.3,68.4
2002,Hawaii,8.2700005,179.89999,12,4.1,65.8
2002,Idaho,7.4000001,179.89999,13,5.6,69.4
2002,Illinois,7.4000001,179.89999,14,6.6,67
2002,Indiana,7.4000001,179.89999,15,5.2,67.9
2002,Iowa,7.4000001,179.89999,16,4,72.5
2002,Kansas,7.4000001,179.89999,17,5.1,70
2002,Kentucky,7.4000001,179.89999,18,5.8,62.2
2002,Louisiana,7.4000001,179.89999,19,6,60.9
2002,Maine,8.2700005,179.89999,20,4.5,66.8
2002,Maryland,7.4000001,179.89999,21,4.8,69.9
2002,Massachusetts,9.71,179.89999,22,5.2,68.6
2002,Michigan,7.4000001,179.89999,23,6.2,66.1
2002,Minnesota,7.4000001,179.89999,24,4.5,75.2
2002,Mississippi,7.4000001,179.89999,25,6.4,61.1
2002,Missouri,7.4000001,179.89999,26,5.3,69.2
2002,Montana,7.4000001,179.89999,27,4.6,66.6
2002,Nebraska,7.4000001,179.89999,28,3.7,73.4
2002,Nevada,7.4000001,179.89999,29,5.7,69.4
2002,New Hampshire,7.4000001,179.89999,30,4.5,71.5
2002,New Jersey,7.4000001,179.89999,31,5.8,66.5
2002,New Mexico,7.4000001,179.89999,32,5.5,63.1
2002,New York,7.4000001,179.89999,33,6.2,63.1
2002,North Carolina,7.4000001,179.89999,34,6.9,67
2002,North Dakota,7.4000001,179.89999,35,3.4,70.7
2002,Ohio,7.4000001,179.89999,36,5.8,66.9
2002,Oklahoma,7.4000001,179.89999,37,4.6,64.6
2002,Oregon,9.3500004,179.89999,38,7.5,67.4
2002,Pennsylvania,7.4000001,179.89999,39,5.5,65
2002,Rhode Island,8.8400002,179.89999,40,5.1,66.5
2002,South Carolina,7.4000001,179.89999,41,6.4,63.1
2002,South Dakota,7.4000001,179.89999,42,3.2,73
2002,Tennessee,7.4000001,179.89999,43,5.1,65.2
2002,Texas,7.4000001,179.89999,44,6.4,68.1
2002,Utah,7.4000001,179.89999,45,5.7,71.2
2002,Vermont,8.9899998,179.89999,46,3.8,71
2002,Virginia,7.4000001,179.89999,47,4.4,68.6
2002,Washington,9.9200001,179.89999,48,7.1,67.4
2002,West Virginia,7.4000001,179.89999,49,6.5,55.9
2002,Wisconsin,7.4000001,179.89999,50,5.3,72.4
2002,Wyoming,7.4000001,179.89999,51,4,71
2003,Alabama,7.2399998,184,1,6,62.2
2003,Alaska,10.05,184,2,7.7,72.2
2003,Arizona,7.2399998,184,3,5.8,65.4
2003,Arkansas,7.2399998,184,4,5.8,62
2003,California,9.4899998,184,5,6.9,65.9
2003,Colorado,7.2399998,184,6,6.1,72.1
2003,Connecticut,9.6999998,184,7,5.5,67.4
2003,Delaware,8.6499996,184,8,4.5,66.8
2003,District of Columbia,8.6499996,184,9,7.3,66.9
2003,Florida,7.2399998,184,10,4.5,61.3
2003,Georgia,7.2399998,184,11,5.1,68.3
2003,Hawaii,8.79,184,12,3.9,65.4
2003,Idaho,7.2399998,184,13,5.6,68.7
2003,Illinois,7.2399998,184,14,6.7,66.3
2003,Indiana,7.2399998,184,15,5.3,67.8
2003,Iowa,7.2399998,184,16,4.5,71.4
2003,Kansas,7.2399998,184,17,5.6,70.6
2003,Kentucky,7.2399998,184,18,6.2,62.3
2003,Louisiana,7.2399998,184,19,6.3,60.9
2003,Maine,8.79,184,20,5.2,66.7
2003,Maryland,7.2399998,184,21,4.8,69.3
2003,Massachusetts,9.4899998,184,22,5.7,68
2003,Michigan,7.2399998,184,23,7.1,65.7
2003,Minnesota,7.2399998,184,24,4.8,74.9
2003,Mississippi,7.2399998,184,25,6.1,61.5
2003,Missouri,7.2399998,184,26,5.7,68.6
2003,Montana,7.2399998,184,27,4.7,66.4
2003,Nebraska,7.2399998,184,28,3.9,74
2003,Nevada,7.2399998,184,29,5.3,68.1
2003,New Hampshire,7.2399998,184,30,4.5,71.3
2003,New Jersey,7.2399998,184,31,5.8,66.1
2003,New Mexico,7.2399998,184,32,5.9,63.2
2003,New York,7.2399998,184,33,6.4,62.6
2003,North Carolina,7.2399998,184,34,6.7,67.3
2003,North Dakota,7.2399998,184,35,3.5,71.5
2003,Ohio,7.2399998,184,36,6.2,67
2003,Oklahoma,7.2399998,184,37,5.4,64.2
2003,Oregon,9.6999998,184,38,8,67
2003,Pennsylvania,7.2399998,184,39,5.7,64.1
2003,Rhode Island,8.6499996,184,40,5.6,67.2
2003,South Carolina,7.2399998,184,41,7.2,63.8
2003,South Dakota,7.2399998,184,42,3.5,73.1
2003,Tennessee,7.2399998,184,43,5.5,64.7
2003,Texas,7.2399998,184,44,6.7,68
2003,Utah,7.2399998,184,45,5.6,70.9
2003,Vermont,8.79,184,46,4.4,71
2003,Virginia,7.2399998,184,47,4.3,68.4
2003,Washington,9.8500004,184,48,7.2,67.3
2003,West Virginia,7.2399998,184,49,6.6,55.3
2003,Wisconsin,7.2399998,184,50,5.6,72.3
2003,Wyoming,7.2399998,184,51,4.3,71.3
2004,Alabama,7.0500002,188.89999,1,5.6,62.1
2004,Alaska,9.79,188.89999,2,7.4,71.6
2004,Arizona,7.0500002,188.89999,3,5,64.8
2004,Arkansas,7.0500002,188.89999,4,5.6,62.4
2004,California,9.2399998,188.89999,5,6.2,65.5
2004,Colorado,7.0500002,188.89999,6,5.6,72.7
2004,Connecticut,9.7200003,188.89999,7,5.1,66.7
2004,Delaware,8.4200001,188.89999,8,4.3,66.5
2004,District of Columbia,8.4200001,188.89999,9,8.1,67.7
2004,Florida,7.0500002,188.89999,10,3.8,61.6
2004,Georgia,7.0500002,188.89999,11,5.1,67.7
2004,Hawaii,8.5600004,188.89999,12,3.3,65
2004,Idaho,7.0500002,188.89999,13,4.9,68.3
2004,Illinois,7.5300002,188.89999,14,6.2,66.4
2004,Indiana,7.0500002,188.89999,15,5.4,67.1
2004,Iowa,7.0500002,188.89999,16,4.5,71
2004,Kansas,7.0500002,188.89999,17,5.5,71.1
2004,Kentucky,7.0500002,188.89999,18,5.5,62
2004,Louisiana,7.0500002,188.89999,19,5.7,60.8
2004,Maine,8.5600004,188.89999,20,4.7,66.2
2004,Maryland,7.0500002,188.89999,21,4.6,68.6
2004,Massachusetts,9.2399998,188.89999,22,5.1,67.4
2004,Michigan,7.0500002,188.89999,23,7,65.6
2004,Minnesota,7.0500002,188.89999,24,4.6,74.3
2004,Mississippi,7.0500002,188.89999,25,6.2,61.6
2004,Missouri,7.0500002,188.89999,26,5.9,68.3
2004,Montana,7.0500002,188.89999,27,4.5,66.6
2004,Nebraska,7.0500002,188.89999,28,3.9,74
2004,Nevada,7.0500002,188.89999,29,4.5,67.1
2004,New Hampshire,7.0500002,188.89999,30,3.8,71
2004,New Jersey,7.0500002,188.89999,31,4.9,65.8
2004,New Mexico,7.0500002,188.89999,32,5.6,63
2004,New York,7.0500002,188.89999,33,5.8,62.7
2004,North Carolina,7.0500002,188.89999,34,5.9,66.5
2004,North Dakota,7.0500002,188.89999,35,3.4,72.3
2004,Ohio,7.0500002,188.89999,36,6.3,66.6
2004,Oklahoma,7.0500002,188.89999,37,4.7,64.1
2004,Oregon,9.6499996,188.89999,38,7.3,66.3
2004,Pennsylvania,7.0500002,188.89999,39,5.4,64.4
2004,Rhode Island,9.2399998,188.89999,40,5.3,66.4
2004,South Carolina,7.0500002,188.89999,41,7.4,64.3
2004,South Dakota,7.0500002,188.89999,42,3.6,73.1
2004,Tennessee,7.0500002,188.89999,43,5.4,63.8
2004,Texas,7.0500002,188.89999,44,6,67.4
2004,Utah,7.0500002,188.89999,45,5,71.2
2004,Vermont,9.2399998,188.89999,46,3.7,70.6
2004,Virginia,7.0500002,188.89999,47,4.1,67.9
2004,Washington,9.8000002,188.89999,48,6.3,67.3
2004,West Virginia,7.0500002,188.89999,49,5.8,55.1
2004,Wisconsin,7.0500002,188.89999,50,5,71.4
2004,Wyoming,7.0500002,188.89999,51,3.8,71.1
2005,Alabama,6.8200002,195.3,1,4.5,61.5
2005,Alaska,9.4700003,195.3,2,6.9,71.7
2005,Arizona,6.8200002,195.3,3,4.7,64.1
2005,Arkansas,6.8200002,195.3,4,5.3,63.1
2005,California,8.9399996,195.3,5,5.4,65.5
2005,Colorado,6.8200002,195.3,6,5.1,72.5
2005,Connecticut,9.3999996,195.3,7,4.8,67
2005,Delaware,8.1499996,195.3,8,4.5,67.2
2005,District of Columbia,8.7399998,195.3,9,7,68.2
2005,Florida,6.8200002,195.3,10,2.9,62.2
2005,Georgia,6.8200002,195.3,11,5.7,68.2
2005,Hawaii,8.2799997,195.3,12,2.8,65.8
2005,Idaho,6.8200002,195.3,13,4,69.2
2005,Illinois,8.6099997,195.3,14,5.7,66.7
2005,Indiana,6.8200002,195.3,15,5.4,67.4
2005,Iowa,6.8200002,195.3,16,4.3,71.6
2005,Kansas,6.8200002,195.3,17,5.1,70.6
2005,Kentucky,6.8200002,195.3,18,5.9,62.1
2005,Louisiana,6.8200002,195.3,19,7.1,63.2
2005,Maine,8.4099998,195.3,20,4.9,66.7
2005,Maryland,6.8200002,195.3,21,4.5,68.9
2005,Massachusetts,8.9399996,195.3,22,4.8,66.9
2005,Michigan,6.8200002,195.3,23,6.8,65.5
2005,Minnesota,6.8200002,195.3,24,4.1,73.4
2005,Mississippi,6.8200002,195.3,25,7.6,61.5
2005,Missouri,6.8200002,195.3,26,5.4,67.9
2005,Montana,6.8200002,195.3,27,4.1,66.7
2005,Nebraska,6.8200002,195.3,28,3.8,73.4
2005,Nevada,6.8200002,195.3,29,4.1,67.5
2005,New Hampshire,6.8200002,195.3,30,3.6,71.2
2005,New Jersey,6.8200002,195.3,31,4.4,66.2
2005,New Mexico,6.8200002,195.3,32,5.2,63.1
2005,New York,7.9499998,195.3,33,5,63
2005,North Carolina,6.8200002,195.3,34,5.6,66.2
2005,North Dakota,6.8200002,195.3,35,3.3,72.5
2005,Ohio,6.8200002,195.3,36,5.9,66.7
2005,Oklahoma,6.8200002,195.3,37,4.3,64.3
2005,Oregon,9.6000004,195.3,38,6.2,65.5
2005,Pennsylvania,6.8200002,195.3,39,5,64.5
2005,Rhode Island,8.9399996,195.3,40,5.1,67.3
2005,South Carolina,6.8200002,195.3,41,7.3,64
2005,South Dakota,6.8200002,195.3,42,3.6,72.8
2005,Tennessee,6.8200002,195.3,43,5.5,62.9
2005,Texas,6.8200002,195.3,44,5.5,67.2
2005,Utah,6.8200002,195.3,45,4,72
2005,Vermont,9.2700005,195.3,46,3.5,70.6
2005,Virginia,6.8200002,195.3,47,3.8,68.5
2005,Washington,9.7299995,195.3,48,5.6,67.7
2005,West Virginia,6.8200002,195.3,49,5.4,55.4
2005,Wisconsin,6.8200002,195.3,50,4.7,70.7
2005,Wyoming,6.8200002,195.3,51,3.5,71.6
2006,Alabama,6.6100001,201.60001,1,4,61.6
2006,Alaska,9.1700001,201.60001,2,6.6,71.2
2006,Arizona,6.6100001,201.60001,3,4.3,64.2
2006,Arkansas,6.6100001,201.60001,4,5.3,62.8
2006,California,8.6599998,201.60001,5,4.9,65.4
2006,Colorado,6.6100001,201.60001,6,4.3,72.9
2006,Connecticut,9.4899998,201.60001,7,4.4,68
2006,Delaware,7.8899999,201.60001,8,3.9,67.4
2006,District of Columbia,8.9799995,201.60001,9,6.3,68.2
2006,Florida,8.21,201.60001,10,2.5,63
2006,Georgia,6.6100001,201.60001,11,5.1,68.2
2006,Hawaii,8.6599998,201.60001,12,2.6,66.2
2006,Idaho,6.6100001,201.60001,13,3.4,68.5
2006,Illinois,8.3400002,201.60001,14,4.6,67.3
2006,Indiana,6.6100001,201.60001,15,5,67.5
2006,Iowa,6.6100001,201.60001,16,3.7,72.3
2006,Kansas,6.6100001,201.60001,17,4.4,70.6
2006,Kentucky,6.6100001,201.60001,18,5.7,62.4
2006,Louisiana,6.6100001,201.60001,19,4.1,62.6
2006,Maine,8.3400002,201.60001,20,4.7,66.7
2006,Maryland,6.6100001,201.60001,21,4.2,69.5
2006,Massachusetts,8.6599998,201.60001,22,4.7,67
2006,Michigan,6.6100001,201.60001,23,7,65.1
2006,Minnesota,6.7399998,201.60001,24,4.1,72.8
2006,Mississippi,6.6100001,201.60001,25,6.4,59.6
2006,Missouri,6.6100001,201.60001,26,4.9,67.7
2006,Montana,6.6100001,201.60001,27,3.3,67
2006,Nebraska,6.6100001,201.60001,28,3,72.9
2006,Nevada,6.6100001,201.60001,29,4.1,68.6
2006,New Hampshire,6.6100001,201.60001,30,3.5,70.9
2006,New Jersey,7.8899999,201.60001,31,4.6,66.6
2006,New Mexico,6.6100001,201.60001,32,4.2,62.6
2006,New York,8.6599998,201.60001,33,4.5,63.1
2006,North Carolina,6.6100001,201.60001,34,5.1,66.4
2006,North Dakota,6.6100001,201.60001,35,3.1,73.4
2006,Ohio,6.6100001,201.60001,36,5.4,67.2
2006,Oklahoma,6.6100001,201.60001,37,3.9,63.7
2006,Oregon,9.6199999,201.60001,38,5.4,65.4
2006,Pennsylvania,6.6100001,201.60001,39,4.7,64.5
2006,Rhode Island,8.6599998,201.60001,40,5.2,68.2
2006,South Carolina,6.6100001,201.60001,41,6.9,65
2006,South Dakota,6.6100001,201.60001,42,3,72.5
2006,Tennessee,6.6100001,201.60001,43,5.3,64.2
2006,Texas,6.6100001,201.60001,44,5,66.7
2006,Utah,6.6100001,201.60001,45,2.9,72.6
2006,Vermont,9.3000002,201.60001,46,3.7,71.2
2006,Virginia,6.6100001,201.60001,47,3.3,68.7
2006,Washington,9.79,201.60001,48,5,67.7
2006,West Virginia,6.6100001,201.60001,49,5.2,55.9
2006,Wisconsin,7.3099999,201.60001,50,4.7,70.9
2006,Wyoming,6.6100001,201.60001,51,3,71.9
2007,Alabama,6.4200001,207.342,1,4,61.3
2007,Alaska,8.9200001,207.342,2,6.3,70.6
2007,Arizona,8.4200001,207.342,3,3.8,63.4
2007,Arkansas,7.8000002,207.342,4,5.4,62.4
2007,California,9.3599997,207.342,5,5.3,65.7
2007,Colorado,8.5500002,207.342,6,3.7,72.8
2007,Connecticut,9.54,207.342,7,4.5,68.6
2007,Delaware,8.3000002,207.342,8,3.6,66.7
2007,District of Columbia,8.7299995,207.342,9,6,69
2007,Florida,8.3199997,207.342,10,3.3,63.6
2007,Georgia,6.4200001,207.342,11,4.9,68
2007,Hawaii,9.04,207.342,12,2.7,65.8
2007,Idaho,6.4200001,207.342,13,3,67.9
2007,Illinois,9.3599997,207.342,14,5.1,68.1
2007,Indiana,6.4200001,207.342,15,4.6,66.3
2007,Iowa,6.4200001,207.342,16,3.7,72.1
2007,Kansas,6.4200001,207.342,17,4.2,70.9
2007,Kentucky,6.4200001,207.342,18,5.4,62.2
2007,Louisiana,6.4200001,207.342,19,4.1,61.6
2007,Maine,8.4200001,207.342,20,4.7,66.2
2007,Maryland,7.6700001,207.342,21,3.7,69.1
2007,Massachusetts,9.3599997,207.342,22,4.5,66.9
2007,Michigan,8.6700001,207.342,23,7.1,64.2
2007,Minnesota,6.5500002,207.342,24,4.6,72.2
2007,Mississippi,6.4200001,207.342,25,6.2,59.6
2007,Missouri,8.1099997,207.342,26,5.1,67.5
2007,Montana,6.4200001,207.342,27,3.4,67.3
2007,Nebraska,6.4200001,207.342,28,2.9,72.9
2007,Nevada,7.6700001,207.342,29,4.6,69.4
2007,New Hampshire,6.4200001,207.342,30,3.5,70.8
2007,New Jersey,8.9200001,207.342,31,4.2,66.4
2007,New Mexico,6.4200001,207.342,32,3.6,62.1
2007,New York,8.9200001,207.342,33,4.4,62.6
2007,North Carolina,7.6700001,207.342,34,5.1,65.8
2007,North Dakota,6.4200001,207.342,35,3,74.1
2007,Ohio,8.5500002,207.342,36,5.6,67.6
2007,Oklahoma,6.4200001,207.342,37,4,63.5
2007,Oregon,9.7299995,207.342,38,5.2,65.3
2007,Pennsylvania,7.8000002,207.342,39,4.6,64.6
2007,Rhode Island,9.2299995,207.342,40,5.1,68.2
2007,South Carolina,6.4200001,207.342,41,6.1,63.9
2007,South Dakota,6.4200001,207.342,42,2.8,72.2
2007,Tennessee,6.4200001,207.342,43,4.6,63.9
2007,Texas,6.4200001,207.342,44,4.4,65.8
2007,Utah,6.4200001,207.342,45,2.6,72.9
2007,Vermont,9.3900003,207.342,46,3.9,70.4
2007,Virginia,6.4200001,207.342,47,3.3,69
2007,Washington,9.8900003,207.342,48,4.6,68
2007,West Virginia,7.3000002,207.342,49,4.8,55.7
2007,Wisconsin,8.1099997,207.342,50,4.8,70.9
2007,Wyoming,6.4200001,207.342,51,2.7,72.1
2008,Alabama,7.0300002,215.30299,1,5.9,60.6
2008,Alaska,8.5900002,215.30299,2,6.5,70.8
2008,Arizona,8.29,215.30299,3,5.8,63.6
2008,Arkansas,7.5100002,215.30299,4,5.4,62.1
2008,California,9.6099997,215.30299,5,7.3,65.9
2008,Colorado,8.4300003,215.30299,6,4.9,72.6
2008,Connecticut,9.1899996,215.30299,7,5.7,68.9
2008,Delaware,8.5900002,215.30299,8,5,66.4
2008,District of Columbia,8.4099998,215.30299,9,6.9,70.1
2008,Florida,8.1599998,215.30299,10,5.7,63.3
2008,Georgia,7.0300002,215.30299,11,6.8,67.6
2008,Hawaii,8.71,215.30299,12,4,65.8
2008,Idaho,7.0300002,215.30299,13,5,67
2008,Illinois,9.3100004,215.30299,14,6.5,67.8
2008,Indiana,7.0300002,215.30299,15,5.9,66.6
2008,Iowa,8.71,215.30299,16,4.2,72.5
2008,Kansas,7.0300002,215.30299,17,4.6,70.8
2008,Kentucky,7.0300002,215.30299,18,6.5,61.7
2008,Louisiana,7.0300002,215.30299,19,4.7,61.6
2008,Maine,8.4099998,215.30299,20,5.4,66.1
2008,Maryland,7.3899999,215.30299,21,4.5,69.5
2008,Massachusetts,9.6099997,215.30299,22,5.3,66.9
2008,Michigan,8.5900002,215.30299,23,8.2,63.3
2008,Minnesota,7.0300002,215.30299,24,5.4,72
2008,Mississippi,7.0300002,215.30299,25,6.7,59.2
2008,Missouri,7.9899998,215.30299,26,6.2,67
2008,Montana,7.0300002,215.30299,27,4.7,67.4
2008,Nebraska,7.0300002,215.30299,28,3.3,73
2008,Nevada,7.5999999,215.30299,29,6.9,69.5
2008,New Hampshire,7.8099999,215.30299,30,3.8,70.7
2008,New Jersey,8.5900002,215.30299,31,5.5,66.9
2008,New Mexico,7.8099999,215.30299,32,4.3,62.3
2008,New York,8.5900002,215.30299,33,5.4,63.1
2008,North Carolina,7.3899999,215.30299,34,6.2,65.3
2008,North Dakota,7.0300002,215.30299,35,3.1,74.5
2008,Ohio,8.4099998,215.30299,36,6.6,67.2
2008,Oklahoma,7.0300002,215.30299,37,3.6,63.5
2008,Oregon,9.5500002,215.30299,38,6.3,65.6
2008,Pennsylvania,8.5900002,215.30299,39,5.4,65.1
2008,Rhode Island,8.8900003,215.30299,40,7.6,67.8
2008,South Carolina,7.0300002,215.30299,41,7.3,62.8
2008,South Dakota,7.0300002,215.30299,42,3.1,71.8
2008,Tennessee,7.0300002,215.30299,43,6.5,63.5
2008,Texas,7.0300002,215.30299,44,4.9,65.8
2008,Utah,7.0300002,215.30299,45,3.3,71.7
2008,Vermont,9.2299995,215.30299,46,4.6,70.1
2008,Virginia,7.0300002,215.30299,47,4.3,69.7
2008,Washington,9.6999998,215.30299,48,5.3,68.3
2008,West Virginia,7.8699999,215.30299,49,4.8,55.7
2008,Wisconsin,7.8099999,215.30299,50,5,70.6
2008,Wyoming,7.0300002,215.30299,51,2.9,72.2
2009,Alabama,7.9000001,214.537,1,10.1,59.6
2009,Alaska,8.6199999,214.537,2,8,70.2
2009,Arizona,8.7399998,214.537,3,9.7,63.2
2009,Arkansas,7.9000001,214.537,4,7.7,61.4
2009,California,9.6499996,214.537,5,11.5,65.5
2009,Colorado,8.7799997,214.537,6,7.9,71.2
2009,Connecticut,9.6499996,214.537,7,8.3,68.8
2009,Delaware,8.6199999,214.537,8,8.3,63.9
2009,District of Columbia,9.1000004,214.537,9,10,69.6
2009,Florida,8.6899996,214.537,10,9.6,61.6
2009,Georgia,7.9000001,214.537,11,10.4,65.7
2009,Hawaii,8.7399998,214.537,12,6.7,64.4
2009,Idaho,7.9000001,214.537,13,8.7,66.4
2009,Illinois,9.6499996,214.537,14,10.2,66.9
2009,Indiana,7.9000001,214.537,15,10.4,65.6
2009,Iowa,8.7399998,214.537,16,6.4,71.9
2009,Kansas,7.9000001,214.537,17,6.9,71.1
2009,Kentucky,7.9000001,214.537,18,10.8,62
2009,Louisiana,7.9000001,214.537,19,6.8,61
2009,Maine,8.7399998,214.537,20,8.4,65.5
2009,Maryland,7.9000001,214.537,21,7.6,69.4
2009,Massachusetts,9.6499996,214.537,22,8.1,66.3
2009,Michigan,8.9200001,214.537,23,13.1,62.6
2009,Minnesota,7.9000001,214.537,24,7.9,71.8
2009,Mississippi,7.9000001,214.537,25,9.4,57.7
2009,Missouri,8.5,214.537,26,9,66.4
2009,Montana,7.9000001,214.537,27,7.1,65.5
2009,Nebraska,7.9000001,214.537,28,4.7,72.5
2009,Nevada,7.9000001,214.537,29,11.7,68.4
2009,New Hampshire,8.7399998,214.537,30,6.1,70
2009,New Jersey,8.6199999,214.537,31,8.9,67.1
2009,New Mexico,9.04,214.537,32,7.1,61.2
2009,New York,8.6199999,214.537,33,8.4,63
2009,North Carolina,7.9000001,214.537,34,11,64.8
2009,North Dakota,7.9000001,214.537,35,3.9,73.5
2009,Ohio,8.8000002,214.537,36,10.1,66
2009,Oklahoma,7.9000001,214.537,37,6.6,63.8
2009,Oregon,10.13,214.537,38,10.8,65.5
2009,Pennsylvania,8.6199999,214.537,39,8,64.4
2009,Rhode Island,8.9200001,214.537,40,11.4,67.9
2009,South Carolina,7.9000001,214.537,41,11.4,62.1
2009,South Dakota,7.9000001,214.537,42,4.6,71.5
2009,Tennessee,7.9000001,214.537,43,10.1,62.3
2009,Texas,7.9000001,214.537,44,7.5,66.1
2009,Utah,7.9000001,214.537,45,7.3,69.7
2009,Vermont,9.7200003,214.537,46,6.2,70.9
2009,Virginia,7.9000001,214.537,47,6.8,68.9
2009,Washington,10.31,214.537,48,8.3,67
2009,West Virginia,8.7399998,214.537,49,8.3,55.8
2009,Wisconsin,7.9000001,214.537,50,9,70.5
2009,Wyoming,7.9000001,214.537,51,6.3,71.7
2010,Alabama,8.6000004,218.056,1,10.4,59.5
2010,Alaska,9.1899996,218.056,2,8.1,69.7
2010,Arizona,8.6000004,218.056,3,10.3,63.2
2010,Arkansas,8.6000004,218.056,4,7.9,60.6
2010,California,9.4899998,218.056,5,12.5,64.4
2010,Colorado,8.6000004,218.056,6,9.1,70.2
2010,Connecticut,9.79,218.056,7,9.6,68.3
2010,Delaware,8.6000004,218.056,8,8.7,62.2
2010,District of Columbia,9.79,218.056,9,10,69
2010,Florida,8.6000004,218.056,10,10.8,61.2
2010,Georgia,8.6000004,218.056,11,10.7,64.3
2010,Hawaii,8.6000004,218.056,12,6.8,63
2010,Idaho,8.6000004,218.056,13,8.8,65.4
2010,Illinois,9.79,218.056,14,10.5,66.7
2010,Indiana,8.6000004,218.056,15,10.1,64
2010,Iowa,8.6000004,218.056,16,6.1,71
2010,Kansas,8.6000004,218.056,17,6.9,69.8
2010,Kentucky,8.6000004,218.056,18,10.3,61.6
2010,Louisiana,8.6000004,218.056,19,7.5,60.7
2010,Maine,8.8999996,218.056,20,8.4,65
2010,Maryland,8.6000004,218.056,21,7.8,68.6
2010,Massachusetts,9.4899998,218.056,22,8.1,66.2
2010,Michigan,8.7799997,218.056,23,12.2,61.4
2010,Minnesota,8.6000004,218.056,24,7.4,71.5
2010,Mississippi,8.6000004,218.056,25,10.1,58.7
2010,Missouri,8.6000004,218.056,26,9.5,65.7
2010,Montana,8.6000004,218.056,27,7.2,64.5
2010,Nebraska,8.6000004,218.056,28,4.7,71.6
2010,Nevada,8.6000004,218.056,29,13.7,65.9
2010,New Hampshire,8.6000004,218.056,30,6.1,70.1
2010,New Jersey,8.6000004,218.056,31,9.7,66.5
2010,New Mexico,8.8999996,218.056,32,7.8,59.6
2010,New York,8.6000004,218.056,33,8.7,62.6
2010,North Carolina,8.6000004,218.056,34,10.7,63.5
2010,North Dakota,8.6000004,218.056,35,3.7,72.8
2010,Ohio,8.6599998,218.056,36,10.3,65.4
2010,Oklahoma,8.6000004,218.056,37,6.5,62.3
2010,Oregon,9.96,218.056,38,10.7,65.6
2010,Pennsylvania,8.6000004,218.056,39,8.2,63.3
2010,Rhode Island,8.7799997,218.056,40,11.6,67.8
2010,South Carolina,8.6000004,218.056,41,11.3,61
2010,South Dakota,8.6000004,218.056,42,4.9,71.6
2010,Tennessee,8.6000004,218.056,43,9.8,62.8
2010,Texas,8.6000004,218.056,44,8.2,66
2010,Utah,8.6000004,218.056,45,7.9,68.5
2010,Vermont,9.5600004,218.056,46,6.3,70.8
2010,Virginia,8.6000004,218.056,47,7.3,67.8
2010,Washington,10.14,218.056,48,9.1,65.9
2010,West Virginia,8.6000004,218.056,49,8.6,54.9
2010,Wisconsin,8.6000004,218.056,50,8.5,69.5
2010,Wyoming,8.6000004,218.056,51,6.9,70.1
2011,Alabama,8.3400002,224.939,1,9.6,59.1
2011,Alaska,8.9099998,224.939,2,7.7,68.9
2011,Arizona,8.4499998,224.939,3,9.4,62
2011,Arkansas,8.3400002,224.939,4,7.9,60.2
2011,California,9.1999998,224.939,5,11.9,63.6
2011,Colorado,8.46,224.939,6,8.7,69.6
2011,Connecticut,9.4899998,224.939,7,9,67.7
2011,Delaware,8.3400002,224.939,8,7.6,62.4
2011,District of Columbia,9.4899998,224.939,9,10.2,68.1
2011,Florida,8.3400002,224.939,10,10,60.9
2011,Georgia,8.3400002,224.939,11,10.2,64.2
2011,Hawaii,8.3400002,224.939,12,6.8,62.6
2011,Idaho,8.3400002,224.939,13,8.2,64.8
2011,Illinois,9.4899998,224.939,14,9.8,66
2011,Indiana,8.3400002,224.939,15,8.9,63.7
2011,Iowa,8.3400002,224.939,16,5.7,70.3
2011,Kansas,8.3400002,224.939,17,6.4,69.3
2011,Kentucky,8.3400002,224.939,18,9.4,61.1
2011,Louisiana,8.3400002,224.939,19,7.4,59.8
2011,Maine,8.6199999,224.939,20,7.7,64.8
2011,Maryland,8.3400002,224.939,21,7.3,68
2011,Massachusetts,9.1999998,224.939,22,7.2,65.8
2011,Michigan,8.5100002,224.939,23,10,60.2
2011,Minnesota,8.3400002,224.939,24,6.5,71.1
2011,Mississippi,8.3400002,224.939,25,9.8,60
2011,Missouri,8.3400002,224.939,26,8.6,65.2
2011,Montana,8.3400002,224.939,27,6.6,63.9
2011,Nebraska,8.3400002,224.939,28,4.4,71.7
2011,Nevada,8.3400002,224.939,29,13.3,65
2011,New Hampshire,8.3400002,224.939,30,5.5,69.5
2011,New Jersey,8.3400002,224.939,31,9.4,66
2011,New Mexico,8.6199999,224.939,32,7.2,58.4
2011,New York,8.3400002,224.939,33,8.4,61.6
2011,North Carolina,8.3400002,224.939,34,10.2,62.8
2011,North Dakota,8.3400002,224.939,35,3.4,72.6
2011,Ohio,8.5100002,224.939,36,8.8,64.2
2011,Oklahoma,8.3400002,224.939,37,5.6,61.6
2011,Oregon,9.7700005,224.939,38,9.6,65.1
2011,Pennsylvania,8.3400002,224.939,39,7.7,63.1
2011,Rhode Island,8.5100002,224.939,40,11,66.6
2011,South Carolina,8.3400002,224.939,41,10.5,60.5
2011,South Dakota,8.3400002,224.939,42,4.6,71.5
2011,Tennessee,8.3400002,224.939,43,9.1,62.7
2011,Texas,8.3400002,224.939,44,8,65.9
2011,Utah,8.3400002,224.939,45,7.1,67.4
2011,Vermont,9.3699999,224.939,46,5.6,70.1
2011,Virginia,8.3400002,224.939,47,6.5,67.4
2011,Washington,9.9700003,224.939,48,8.5,64.7
2011,West Virginia,8.3400002,224.939,49,7.8,54.3
2011,Wisconsin,8.3400002,224.939,50,7.5,68.9
2011,Wyoming,8.3400002,224.939,51,6.1,69.3
2012,Alabama,8.1700001,229.59399,1,8.2,58.2
2012,Alaska,8.7299995,229.59399,2,7.3,68.1
2012,Arizona,8.6199999,229.59399,3,8.4,61
2012,Arkansas,8.1700001,229.59399,4,7.3,59.6
2012,California,9.0100002,229.59399,5,10.5,63.1
2012,Colorado,8.6099997,229.59399,6,8,68.9
2012,Connecticut,9.29,229.59399,7,8.4,66.4
2012,Delaware,8.1700001,229.59399,8,7.1,62
2012,District of Columbia,9.29,229.59399,9,9,69.1
2012,Florida,8.6400003,229.59399,10,8.7,60.5
2012,Georgia,8.1700001,229.59399,11,9,63.8
2012,Hawaii,8.1700001,229.59399,12,5.9,61.1
2012,Idaho,8.1700001,229.59399,13,7.4,64.7
2012,Illinois,9.29,229.59399,14,9.1,65.9
2012,Indiana,8.1700001,229.59399,15,8.2,63.1
2012,Iowa,8.1700001,229.59399,16,5.1,69.5
2012,Kansas,8.1700001,229.59399,17,5.7,68.6
2012,Kentucky,8.1700001,229.59399,18,8.2,60.8
2012,Louisiana,8.1700001,229.59399,19,6.8,59.7
2012,Maine,8.4499998,229.59399,20,7.2,64.7
2012,Maryland,8.1700001,229.59399,21,6.9,67.8
2012,Massachusetts,9.0100002,229.59399,22,6.7,65.5
2012,Michigan,8.3400002,229.59399,23,9.1,60.1
2012,Minnesota,8.1700001,229.59399,24,5.7,70.5
2012,Mississippi,8.1700001,229.59399,25,8.8,59
2012,Missouri,8.1700001,229.59399,26,7.2,64.3
2012,Montana,8.1700001,229.59399,27,5.8,64
2012,Nebraska,8.1700001,229.59399,28,3.9,71.8
2012,Nevada,8.1700001,229.59399,29,11.6,64.4
2012,New Hampshire,8.1700001,229.59399,30,5.5,69.3
2012,New Jersey,8.1700001,229.59399,31,9.4,65.9
2012,New Mexico,8.4499998,229.59399,32,7,58.3
2012,New York,8.1700001,229.59399,33,8.6,61.7
2012,North Carolina,8.1700001,229.59399,34,9.5,62.9
2012,North Dakota,8.1700001,229.59399,35,2.9,72.6
2012,Ohio,8.6700001,229.59399,36,7.4,63.3
2012,Oklahoma,8.1700001,229.59399,37,5.1,62
2012,Oregon,9.9099998,229.59399,38,8.8,63.4
2012,Pennsylvania,8.1700001,229.59399,39,7.7,63.5
2012,Rhode Island,8.3400002,229.59399,40,10.2,66.1
2012,South Carolina,8.1700001,229.59399,41,9,59.9
2012,South Dakota,8.1700001,229.59399,42,4.1,70.8
2012,Tennessee,8.1700001,229.59399,43,8,61.7
2012,Texas,8.1700001,229.59399,44,6.7,65.4
2012,Utah,8.1700001,229.59399,45,4.8,66.6
2012,Vermont,9.5299997,229.59399,46,4.8,69.2
2012,Virginia,8.1700001,229.59399,47,6,66.8
2012,Washington,10.18,229.59399,48,7.6,64.5
2012,West Virginia,8.1700001,229.59399,49,7.3,54.3
2012,Wisconsin,8.1700001,229.59399,50,6.9,68.5
2012,Wyoming,8.1700001,229.59399,51,5.5,68.4
2013,Alabama,8.0500002,232.957,1,7.3,57.7
2013,Alaska,8.6099997,232.957,2,7,67.5
2013,Arizona,8.6599998,232.957,3,7.8,60.3
2013,Arkansas,8.0500002,232.957,4,7,58.5
2013,California,8.8800001,232.957,5,9,62.7
2013,Colorado,8.6400003,232.957,6,6.8,68.1
2013,Connecticut,9.1599998,232.957,7,8,65.4
2013,Delaware,8.0500002,232.957,8,6.6,61
2013,District of Columbia,9.1599998,232.957,9,8.4,69.4
2013,Florida,8.6499996,232.957,10,7.5,60.1
2013,Georgia,8.0500002,232.957,11,8.1,62.9
2013,Hawaii,8.0500002,232.957,12,4.8,60.6
2013,Idaho,8.0500002,232.957,13,6.8,64.4
2013,Illinois,9.1599998,232.957,14,9.1,65.4
2013,Indiana,8.0500002,232.957,15,7.5,63.1
2013,Iowa,8.0500002,232.957,16,4.7,69.7
2013,Kansas,8.0500002,232.957,17,5.3,68.2
2013,Kentucky,8.0500002,232.957,18,7.9,60.3
2013,Louisiana,8.0500002,232.957,19,6.4,59.6
2013,Maine,8.3299999,232.957,20,6.7,64.9
2013,Maryland,8.0500002,232.957,21,6.5,67.5
2013,Massachusetts,8.8800001,232.957,22,6.6,65.1
2013,Michigan,8.2200003,232.957,23,8.7,60.5
2013,Minnesota,8.0500002,232.957,24,5,70.2
2013,Mississippi,8.0500002,232.957,25,8.5,56.3
2013,Missouri,8.1599998,232.957,26,6.8,64.2
2013,Montana,8.0500002,232.957,27,5.3,64
2013,Nebraska,8.0500002,232.957,28,3.7,71.5
2013,Nevada,8.0500002,232.957,29,10,63.6
2013,New Hampshire,8.0500002,232.957,30,5.3,69.1
2013,New Jersey,8.0500002,232.957,31,8.4,64.9
2013,New Mexico,8.3299999,232.957,32,6.9,58.1
2013,New York,8.0500002,232.957,33,7.8,61.6
2013,North Carolina,8.0500002,232.957,34,7.7,61.9
2013,North Dakota,8.0500002,232.957,35,2.9,71.9
2013,Ohio,8.7200003,232.957,36,7.5,63
2013,Oklahoma,8.0500002,232.957,37,5.1,61.6
2013,Oregon,9.9399996,232.957,38,7.8,61.6
2013,Pennsylvania,8.0500002,232.957,39,7.1,63.1
2013,Rhode Island,8.6099997,232.957,40,9.5,65.7
2013,South Carolina,8.0500002,232.957,41,7.4,59.4
2013,South Dakota,8.0500002,232.957,42,3.7,70.1
2013,Tennessee,8.0500002,232.957,43,7.7,60.8
2013,Texas,8.0500002,232.957,44,6.3,65.2
2013,Utah,8.0500002,232.957,45,4.2,67.2
2013,Vermont,9.5500002,232.957,46,4.4,68.3
2013,Virginia,8.0500002,232.957,47,5.6,66.4
2013,Washington,10.2,232.957,48,6.6,63.6
2013,West Virginia,8.0500002,232.957,49,6.7,53.8
2013,Wisconsin,8.0500002,232.957,50,6.6,68.3
2013,Wyoming,8.0500002,232.957,51,4.7,67.4
2014,Alabama,7.9200001,236.73599,1,6.7,57.2
2014,Alaska,8.4700003,236.73599,2,6.7,67.4
2014,Arizona,8.6300001,236.73599,3,6.8,60.2
2014,Arkansas,7.9200001,236.73599,4,5.9,58.1
2014,California,9.8299999,236.73599,5,7.6,62.3
2014,Colorado,8.7399998,236.73599,6,5,67.6
2014,Connecticut,9.5100002,236.73599,7,6.6,65.9
2014,Delaware,8.4700003,236.73599,8,5.6,61.4
2014,District of Columbia,10.38,236.73599,9,7.7,69.3
2014,Florida,8.6599998,236.73599,10,6.4,59.9
2014,Georgia,7.9200001,236.73599,11,7.1,62
2014,Hawaii,7.9200001,236.73599,12,4.2,61.5
2014,Idaho,7.9200001,236.73599,13,4.4,63.4
2014,Illinois,9.0100002,236.73599,14,7.2,64.8
2014,Indiana,7.9200001,236.73599,15,6,63.4
2014,Iowa,7.9200001,236.73599,16,4.2,70.2
2014,Kansas,7.9200001,236.73599,17,4.5,68.1
2014,Kentucky,7.9200001,236.73599,18,6.4,58.5
2014,Louisiana,7.9200001,236.73599,19,6.3,60.4
2014,Maine,8.1899996,236.73599,20,5.6,64.1
2014,Maryland,7.9200001,236.73599,21,5.7,66.9
2014,Massachusetts,8.7399998,236.73599,22,5.7,65.4
2014,Michigan,8.8999996,236.73599,23,7.2,60.5
2014,Minnesota,7.9200001,236.73599,24,4.3,70.1
2014,Mississippi,7.9200001,236.73599,25,7.6,54.7
2014,Missouri,8.1899996,236.73599,26,6.2,64.4
2014,Montana,8.6300001,236.73599,27,4.7,63.6
2014,Nebraska,7.9200001,236.73599,28,3.3,70.7
2014,Nevada,7.9200001,236.73599,29,8.2,63
2014,New Hampshire,7.9200001,236.73599,30,4.3,68.7
2014,New Jersey,9.0100002,236.73599,31,6.7,64.2
2014,New Mexico,8.1899996,236.73599,32,6.6,58.1
2014,New York,8.7399998,236.73599,33,6.3,60.7
2014,North Carolina,7.9200001,236.73599,34,6.1,61.1
2014,North Dakota,7.9200001,236.73599,35,2.6,71.8
2014,Ohio,7.9200001,236.73599,36,5.8,62.8
2014,Oklahoma,7.9200001,236.73599,37,4.3,61.1
2014,Oregon,9.9399996,236.73599,38,6.6,61.6
2014,Pennsylvania,7.9200001,236.73599,39,5.9,62.6
2014,Rhode Island,8.7399998,236.73599,40,7.8,65.2
2014,South Carolina,7.9200001,236.73599,41,6.3,59.1
2014,South Dakota,7.9200001,236.73599,42,3.3,70
2014,Tennessee,7.9200001,236.73599,43,6.6,59.6
2014,Texas,7.9200001,236.73599,44,5.2,64.8
2014,Utah,7.9200001,236.73599,45,3.6,67.5
2014,Vermont,9.54,236.73599,46,4,67.9
2014,Virginia,7.9200001,236.73599,47,5.1,66.1
2014,Washington,10.18,236.73599,48,5.9,63.3
2014,West Virginia,7.9200001,236.73599,49,6.5,53.6
2014,Wisconsin,7.9200001,236.73599,50,5.4,68
2014,Wyoming,7.9200001,236.73599,51,4.3,67.4
2015,Alabama,7.9099998,237.017,1,6.1,56.7
2015,Alaska,9.5500002,237.017,2,6.3,66.8
2015,Arizona,8.79,237.017,3,6.1,60.4
2015,Arkansas,8.1800003,237.017,4,5,58.3
2015,California,9.8199997,237.017,5,6.2,62.2
2015,Colorado,8.9799995,237.017,6,3.7,66.7
2015,Connecticut,9.9899998,237.017,7,5.6,65.9
2015,Delaware,9,237.017,8,4.8,62
2015,District of Columbia,11.46,237.017,9,6.9,69.7
2015,Florida,8.79,237.017,10,5.5,59.3
2015,Georgia,7.9099998,237.017,11,6.1,61
2015,Hawaii,8.46,237.017,12,3.4,61.7
2015,Idaho,7.9099998,237.017,13,3.9,63.8
2015,Illinois,9,237.017,14,6,64.8
2015,Indiana,7.9099998,237.017,15,4.8,63.8
2015,Iowa,7.9099998,237.017,16,3.7,69.9
2015,Kansas,7.9099998,237.017,17,4.2,67.8
2015,Kentucky,7.9099998,237.017,18,5.2,57.5
2015,Louisiana,7.9099998,237.017,19,6.3,60.3
2015,Maine,8.1800003,237.017,20,4.4,63
2015,Maryland,9,237.017,21,5,66.8
2015,Massachusetts,9.8199997,237.017,22,4.8,65.2
2015,Michigan,8.8900003,237.017,23,5.4,60.4
2015,Minnesota,7.9099998,237.017,24,3.8,70.2
2015,Mississippi,7.9099998,237.017,25,6.5,55.3
2015,Missouri,8.3500004,237.017,26,5.1,64.6
2015,Montana,8.79,237.017,27,4.3,63.6
2015,Nebraska,8.7299995,237.017,28,3,70.2
2015,Nevada,7.9099998,237.017,29,6.9,62.5
2015,New Hampshire,7.9099998,237.017,30,3.4,68.5
2015,New Jersey,9.1499996,237.017,31,5.7,64.1
2015,New Mexico,8.1800003,237.017,32,6.6,58.3
2015,New York,9.5500002,237.017,33,5.2,60.7
2015,North Carolina,7.9099998,237.017,34,5.7,61.1
2015,North Dakota,7.9099998,237.017,35,2.8,70.8
2015,Ohio,7.9099998,237.017,36,5,62.6
2015,Oklahoma,7.9099998,237.017,37,4.3,61.6
2015,Oregon,10.09,237.017,38,5.5,61.6
2015,Pennsylvania,7.9099998,237.017,39,5.4,62.9
2015,Rhode Island,9.8199997,237.017,40,6,64.9
2015,South Carolina,7.9099998,237.017,41,5.9,59.3
2015,South Dakota,9.2799997,237.017,42,3.1,69.9
2015,Tennessee,7.9099998,237.017,43,5.6,59.6
2015,Texas,7.9099998,237.017,44,4.5,63.9
2015,Utah,7.9099998,237.017,45,3.5,67.9
2015,Vermont,9.9899998,237.017,46,3.5,67.3
2015,Virginia,7.9099998,237.017,47,4.4,65.2
2015,Washington,10.33,237.017,48,5.4,63.3
2015,West Virginia,8.7299995,237.017,49,6.6,53.5
2015,Wisconsin,7.9099998,237.017,50,4.4,67.8
2015,Wyoming,7.9099998,237.017,51,4.2,66.8
2016,Alabama,7.8099999,240.007,1,5.9,56.5
2016,Alaska,10.51,240.007,2,6.6,66.3
2016,Arizona,8.6800003,240.007,3,5.5,60.4
2016,Arkansas,8.6199999,240.007,4,4,58.1
2016,California,10.78,240.007,5,5.5,62.2
2016,Colorado,8.96,240.007,6,3.1,66.9
2016,Connecticut,10.35,240.007,7,4.9,65.9
2016,Delaware,8.8900003,240.007,8,4.5,62.2
2016,District of Columbia,12.39,240.007,9,6.2,69.9
2016,Florida,8.6800003,240.007,10,4.9,59.2
2016,Georgia,7.8099999,240.007,11,5.5,62.4
2016,Hawaii,9.1599998,240.007,12,2.9,62.1
2016,Idaho,7.8099999,240.007,13,3.7,63.8
2016,Illinois,8.8900003,240.007,14,5.9,65.3
2016,Indiana,7.8099999,240.007,15,4.4,64.7
2016,Iowa,7.8099999,240.007,16,3.6,69.7
2016,Kansas,7.8099999,240.007,17,4,67.4
2016,Kentucky,7.8099999,240.007,18,5,58.3
2016,Louisiana,7.8099999,240.007,19,6.1,59.3
2016,Maine,8.0799999,240.007,20,3.8,63.4
2016,Maryland,9.4300003,240.007,21,4.3,66.9
2016,Massachusetts,10.78,240.007,22,4,65.3
2016,Michigan,9.1599998,240.007,23,5,61.3
2016,Minnesota,7.8099999,240.007,24,3.9,70
2016,Mississippi,7.8099999,240.007,25,6,55.7
2016,Missouri,8.2399998,240.007,26,4.6,64.6
2016,Montana,8.6800003,240.007,27,4.3,63.3
2016,Nebraska,9.6999998,240.007,28,3.1,69.9
2016,Nevada,7.8099999,240.007,29,5.8,62.1
2016,New Hampshire,7.8099999,240.007,30,2.9,68.6
2016,New Jersey,9.0299997,240.007,31,4.9,63.9
2016,New Mexico,8.0799999,240.007,32,6.8,58.4
2016,New York,9.6999998,240.007,33,4.9,60.6
2016,North Carolina,7.8099999,240.007,34,5.1,61.2
2016,North Dakota,7.8099999,240.007,35,3.1,70.9
2016,Ohio,7.8099999,240.007,36,5.1,62.8
2016,Oklahoma,7.8099999,240.007,37,4.7,61.1
2016,Oregon,10.51,240.007,38,4.8,62.3
2016,Pennsylvania,7.8099999,240.007,39,5.3,63.1
2016,Rhode Island,10.35,240.007,40,5.2,64.5
2016,South Carolina,7.8099999,240.007,41,4.9,58.8
2016,South Dakota,9.21,240.007,42,3,69.5
2016,Tennessee,7.8099999,240.007,43,4.8,60.2
2016,Texas,7.8099999,240.007,44,4.7,63.9
2016,Utah,7.8099999,240.007,45,3.4,68.4
2016,Vermont,10.35,240.007,46,3.1,67.1
2016,Virginia,7.8099999,240.007,47,4,65
2016,Washington,10.21,240.007,48,5.2,63.7
2016,West Virginia,9.4300003,240.007,49,6.1,53.3
2016,Wisconsin,7.8099999,240.007,50,3.9,68.1
2016,Wyoming,7.8099999,240.007,51,5.3,66.6
2017,Alabama,7.6500001,245.12,1,4.6,56.7
2017,Alaska,10.34,245.12,2,6.5,66
2017,Arizona,10.55,245.12,3,5,60.6
2017,Arkansas,8.9700003,245.12,4,3.7,58.1
2017,California,10.55,245.12,5,4.8,62.3
2017,Colorado,9.8100004,245.12,6,2.6,67.8
2017,Connecticut,10.66,245.12,7,4.4,66.1
2017,Delaware,8.71,245.12,8,4.5,62.4
2017,District of Columbia,12.14,245.12,9,6.1,70.6
2017,Florida,8.5500002,245.12,10,4.3,59.3
2017,Georgia,7.6500001,245.12,11,4.8,63.9
2017,Hawaii,9.7600002,245.12,12,2.2,62.1
2017,Idaho,7.6500001,245.12,13,3.2,63.9
2017,Illinois,8.71,245.12,14,5,64.6
2017,Indiana,7.6500001,245.12,15,3.5,64.2
2017,Iowa,7.6500001,245.12,16,3.1,68.8
2017,Kansas,7.6500001,245.12,17,3.6,66.9
2017,Kentucky,7.6500001,245.12,18,4.8,59
2017,Louisiana,7.6500001,245.12,19,5.1,58.8
2017,Maine,9.5,245.12,20,3.4,63.6
2017,Maryland,9.2299995,245.12,21,4.1,67.6
2017,Massachusetts,11.61,245.12,22,3.8,65.9
2017,Michigan,9.3900003,245.12,23,4.6,61.4
2017,Minnesota,8.1800003,245.12,24,3.4,70
2017,Mississippi,7.6500001,245.12,25,5.2,55.6
2017,Missouri,8.1300001,245.12,26,3.8,64
2017,Montana,8.6000004,245.12,27,4.1,63
2017,Nebraska,9.5,245.12,28,2.9,69.5
2017,Nevada,7.6500001,245.12,29,5,62.5
2017,New Hampshire,7.6500001,245.12,30,2.8,68.2
2017,New Jersey,8.9099998,245.12,31,4.5,63.5
2017,New Mexico,7.9099998,245.12,32,6.1,58.3
2017,New York,10.24,245.12,33,4.7,60.7
2017,North Carolina,7.6500001,245.12,34,4.5,61.4
2017,North Dakota,7.6500001,245.12,35,2.7,70.8
2017,Ohio,8.6000004,245.12,36,5,63
2017,Oklahoma,7.6500001,245.12,37,4,61.1
2017,Oregon,10.29,245.12,38,4.1,62.5
2017,Pennsylvania,7.6500001,245.12,39,5,62.7
2017,Rhode Island,10.13,245.12,40,4.5,64.7
2017,South Carolina,7.6500001,245.12,41,4.2,58.2
2017,South Dakota,9.1300001,245.12,42,3.1,69
2017,Tennessee,7.6500001,245.12,43,3.7,60.5
2017,Texas,7.6500001,245.12,44,4.3,63.9
2017,Utah,7.6500001,245.12,45,3.2,68.7
2017,Vermont,10.55,245.12,46,3,67.2
2017,Virginia,7.6500001,245.12,47,3.7,65.7
2017,Washington,11.61,245.12,48,4.6,63.7
2017,West Virginia,9.2299995,245.12,49,5.2,53.5
2017,Wisconsin,7.6500001,245.12,50,3.3,68.1
2017,Wyoming,7.6500001,245.12,51,4.3,65.9
2018,Alabama,7.4699998,251.10699,1,3.9,57.3
2018,Alaska,10.14,251.10699,2,5.9,65.1
2018,Arizona,10.82,251.10699,3,4.8,61.2
2018,Arkansas,8.7600002,251.10699,4,3.7,58
2018,California,11.33,251.10699,5,4.3,62.2
2018,Colorado,10.51,251.10699,6,3,68.6
2018,Connecticut,10.4,251.10699,7,3.9,66.1
2018,Delaware,8.5,251.10699,8,3.7,62.4
2018,District of Columbia,13.65,251.10699,9,5.7,70.7
2018,Florida,8.5,251.10699,10,3.6,59.1
2018,Georgia,7.4699998,251.10699,11,4,63.2
2018,Hawaii,10.4,251.10699,12,2.4,61.7
2018,Idaho,7.4699998,251.10699,13,2.8,64
2018,Illinois,8.5,251.10699,14,4.4,64.6
2018,Indiana,7.4699998,251.10699,15,3.4,64.9
2018,Iowa,7.4699998,251.10699,16,2.6,69.2
2018,Kansas,7.4699998,251.10699,17,3.3,66.7
2018,Kentucky,7.4699998,251.10699,18,4.2,58.9
2018,Louisiana,7.4699998,251.10699,19,4.8,59
2018,Maine,10.3,251.10699,20,3.1,63.2
2018,Maryland,10.4,251.10699,21,3.8,67.6
2018,Massachusetts,11.33,251.10699,22,3.5,67
2018,Michigan,9.5299997,251.10699,23,4.2,61.7
2018,Minnesota,8.2799997,251.10699,24,3,69.7
2018,Mississippi,7.4699998,251.10699,25,4.9,55.5
2018,Missouri,8.0900002,251.10699,26,3.2,63.7
2018,Montana,8.5500002,251.10699,27,3.8,62.8
2018,Nebraska,9.2700005,251.10699,28,2.9,69.8
2018,Nevada,7.4699998,251.10699,29,4.4,63.3
2018,New Hampshire,7.4699998,251.10699,30,2.7,68.6
2018,New Jersey,8.8599997,251.10699,31,4,63.1
2018,New Mexico,7.73,251.10699,32,4.9,58.1
2018,New York,10.71,251.10699,33,4.1,60.6
2018,North Carolina,7.4699998,251.10699,34,4,61.2
2018,North Dakota,7.4699998,251.10699,35,2.5,70
2018,Ohio,8.5500002,251.10699,36,4.5,62.8
2018,Oklahoma,7.4699998,251.10699,37,3.3,61
2018,Oregon,11.07,251.10699,38,4,61.9
2018,Pennsylvania,7.4699998,251.10699,39,4.5,62.6
2018,Rhode Island,10.4,251.10699,40,4.1,64.8
2018,South Carolina,7.4699998,251.10699,41,3.4,57.9
2018,South Dakota,9.1199999,251.10699,42,2.9,68.8
2018,Tennessee,7.4699998,251.10699,43,3.5,61
2018,Texas,7.4699998,251.10699,44,3.9,64
2018,Utah,7.4699998,251.10699,45,2.9,68.5
2018,Vermont,10.82,251.10699,46,2.6,67
2018,Virginia,7.4699998,251.10699,47,3,65.7
2018,Washington,11.85,251.10699,48,4.4,64.2
2018,West Virginia,9.0100002,251.10699,49,5.2,54.5
2018,Wisconsin,7.4699998,251.10699,50,3,67.4
2018,Wyoming,7.4699998,251.10699,51,4,65.6
2019,Alabama,7.3400002,255.657,1,3,57.9
2019,Alaska,10.31,255.657,2,5.4,64.8
2019,Arizona,12.14,255.657,3,4.9,61.8
2019,Arkansas,9.3599997,255.657,4,3.5,58.2
2019,California,12.14,255.657,5,4.2,62.3
2019,Colorado,12.14,255.657,6,2.7,68.8
2019,Connecticut,11.13,255.657,7,3.6,66.5
2019,Delaware,9.3599997,255.657,8,3.7,62.5
2019,District of Columbia,14.16,255.657,9,5.3,71.5
2019,Florida,8.6599998,255.657,10,3.3,59.3
2019,Georgia,7.3400002,255.657,11,3.5,62.8
2019,Hawaii,10.22,255.657,12,2.4,61.4
2019,Idaho,7.3400002,255.657,13,2.8,64.2
2019,Illinois,9.3599997,255.657,14,4,64.5
2019,Indiana,7.3400002,255.657,15,3.2,64.5
2019,Iowa,7.3400002,255.657,16,2.8,70.2
2019,Kansas,7.3400002,255.657,17,3.1,67.1
2019,Kentucky,7.3400002,255.657,18,4.1,59.2
2019,Louisiana,7.3400002,255.657,19,4.6,59.1
2019,Maine,12.14,255.657,20,2.7,62.6
2019,Maryland,11.13,255.657,21,3.5,68.6
2019,Massachusetts,12.9,255.657,22,3,67.1
2019,Michigan,9.7600002,255.657,23,4.1,61.9
2019,Minnesota,8.25,255.657,24,3.1,69.9
2019,Mississippi,7.3400002,255.657,25,5.5,56
2019,Missouri,9.5600004,255.657,26,3.3,63.9
2019,Montana,8.75,255.657,27,3.6,63.1
2019,Nebraska,9.1099997,255.657,28,3,70.4
2019,Nevada,7.3400002,255.657,29,3.9,64.4
2019,New Hampshire,7.3400002,255.657,30,2.6,68.9
2019,New Jersey,11.13,255.657,31,3.4,63.9
2019,New Mexico,9.1099997,255.657,32,5,58.5
2019,New York,11.94,255.657,33,3.8,60.7
2019,North Carolina,7.3400002,255.657,34,3.8,61.5
2019,North Dakota,7.3400002,255.657,35,2.3,70.1
2019,Ohio,8.8000002,255.657,36,4.2,63.2
2019,Oklahoma,7.3400002,255.657,37,3.1,60.9
2019,Oregon,11.38,255.657,38,3.7,61.8
2019,Pennsylvania,7.3400002,255.657,39,4.5,63.2
2019,Rhode Island,10.62,255.657,40,3.6,64.8
2019,South Carolina,7.3400002,255.657,41,2.8,58.2
2019,South Dakota,9.4099998,255.657,42,3,68.7
2019,Tennessee,7.3400002,255.657,43,3.4,61.9
2019,Texas,7.3400002,255.657,44,3.5,64
2019,Utah,7.3400002,255.657,45,2.5,68.5
2019,Vermont,11.09,255.657,46,2.3,66.4
2019,Virginia,7.3400002,255.657,47,2.7,66.2
2019,Washington,13.66,255.657,48,4.2,64.9
2019,West Virginia,8.8500004,255.657,49,4.9,55.1
2019,Wisconsin,7.3400002,255.657,50,3.3,66.8
2019,Wyoming,7.3400002,255.657,51,3.7,65.6
2020,Alabama,7.25,258.66,1,6,57.5
2020,Alaska,10.19,258.66,2,7.9,63.7
2020,Arizona,12,258.66,3,7.9,60.9
2020,Arkansas,10,258.66,4,6.1,57.4
2020,California,13,258.66,5,10.2,60.6
2020,Colorado,12,258.66,6,7.3,67.7
2020,Connecticut,11,258.66,7,7.9,65
2020,Delaware,9.25,258.66,8,7.9,61.2
2020,District of Columbia,14,258.66,9,8.1,70.1
2020,Florida,8.5600004,258.66,10,7.9,57.3
2020,Georgia,7.25,258.66,11,6.6,61.1
2020,Hawaii,10.1,258.66,12,11.8,59.7
2020,Idaho,7.25,258.66,13,5.4,63.4
2020,Illinois,9.25,258.66,14,9.6,62.8
2020,Indiana,7.25,258.66,15,7.2,63
2020,Iowa,7.25,258.66,16,5.3,67.2
2020,Kansas,7.25,258.66,17,5.9,67
2020,Kentucky,7.25,258.66,18,6.6,57.6
2020,Louisiana,7.25,258.66,19,8.4,58
2020,Maine,12,258.66,20,5.5,60.5
2020,Maryland,11,258.66,21,6.8,66.4
2020,Massachusetts,12.75,258.66,22,9,64.8
2020,Michigan,9.6499996,258.66,23,10,60.5
2020,Minnesota,8.1499996,258.66,24,6.2,69.6
2020,Mississippi,7.25,258.66,25,8.1,55.1
2020,Missouri,9.4499998,258.66,26,6.1,63.1
2020,Montana,8.6499996,258.66,27,5.9,62.7
2020,Nebraska,9,258.66,28,4.3,69.6
2020,Nevada,7.25,258.66,29,13,61.7
2020,New Hampshire,7.25,258.66,30,6.7,67.4
2020,New Jersey,11,258.66,31,9.8,63.5
2020,New Mexico,9,258.66,32,8.5,57.1
2020,New York,11.8,258.66,33,10.1,59.6
2020,North Carolina,7.25,258.66,34,7.4,59.2
2020,North Dakota,7.25,258.66,35,5.1,69.5
2020,Ohio,8.6999998,258.66,36,8.2,62.2
2020,Oklahoma,7.25,258.66,37,6.2,60.5
2020,Oregon,11.25,258.66,38,7.6,61.2
2020,Pennsylvania,7.25,258.66,39,9.1,62.2
2020,Rhode Island,10.5,258.66,40,9.5,62.7
2020,South Carolina,7.25,258.66,41,6.2,57.7
2020,South Dakota,9.3000002,258.66,42,4.6,68.1
2020,Tennessee,7.25,258.66,43,7.5,60.5
2020,Texas,7.25,258.66,44,7.7,62.7
2020,Utah,7.25,258.66,45,4.7,68
2020,Vermont,10.96,258.66,46,5.6,63.6
2020,Virginia,7.25,258.66,47,6.3,64.6
2020,Washington,13.5,258.66,48,8.4,64.2
2020,West Virginia,8.75,258.66,49,8.4,54.9
2020,Wisconsin,7.25,258.66,50,6.3,65.8
2020,Wyoming,7.25,258.66,51,5.9,65.3
