Year,State,StatePOP
1976,Alabama,3735.139
1976,Alaska,400.969
1976,Arizona,2346.157
1976,Arkansas,2170.161
1976,California,21935.909
1976,Colorado,2632.306
1976,Connecticut,3083.335
1976,Delaware,590.166
1976,District of Columbia,692.295
1976,Florida,8667.379
1976,Georgia,5132.812
1976,Hawaii,904.191
1976,Idaho,856.983
1976,Illinois,11342.853
1976,Indiana,5389.088
1976,Iowa,2903.082
1976,Kansas,2301.001
1976,Kentucky,3529.257
1976,Louisiana,3950.605
1976,Maine,1088.412
1976,Maryland,4150.539
1976,Massachusetts,5743.672
1976,Michigan,9129.205
1976,Minnesota,3964.68
1976,Mississippi,2429.756
1976,Missouri,4839.029
1976,Montana,757.317
1976,Nebraska,1550.911
1976,Nevada,646.975
1976,New Hampshire,845.248
1976,New Jersey,7339.745
1976,New Mexico,1189.295
1976,New York,17940.541
1976,North Carolina,5607.964
1976,North Dakota,645.797
1976,Ohio,10752.662
1976,Oklahoma,2826.815
1976,Oregon,2378.262
1976,Pennsylvania,11897.378
1976,Rhode Island,946.089
1976,South Carolina,2943.657
1976,South Dakota,686.39
1976,Tennessee,4346.928
1976,Texas,12904.089
1976,Utah,1274.928
1976,Vermont,484.928
1976,Virginia,5121.863
1976,Washington,3693.61
1976,West Virginia,1879.503
1976,Wisconsin,4595.904
1976,Wyoming,396.952
1977,Alabama,3780.403
1977,Alaska,403.436
1977,Arizona,2425.197
1977,Arkansas,2209.01
1977,California,22352.396
1977,Colorado,2696.14
1977,Connecticut,3085.722
1977,Delaware,591.829
1977,District of Columbia,677.228
1977,Florida,8856.183
1977,Georgia,5219.697
1977,Hawaii,918.259
1977,Idaho,883.469
1977,Illinois,11386.316
1977,Indiana,5425.638
1977,Iowa,2913.573
1977,Kansas,2320.647
1977,Kentucky,3573.693
1977,Louisiana,4014.459
1977,Maine,1103.578
1977,Maryland,4169.595
1977,Massachusetts,5738.199
1977,Michigan,9171.11
1977,Minnesota,3989.364
1977,Mississippi,2459.201
1977,Missouri,4863.173
1977,Montana,769.953
1977,Nebraska,1556.842
1977,Nevada,678.333
1977,New Hampshire,869.763
1977,New Jersey,7337.169
1977,New Mexico,1215.72
1977,New York,17812.602
1977,North Carolina,5685.607
1977,North Dakota,649.769
1977,Ohio,10771.394
1977,Oklahoma,2870.014
1977,Oregon,2446.673
1977,Pennsylvania,11893.591
1977,Rhode Island,950.23
1977,South Carolina,2991.681
1977,South Dakota,688.48
1977,Tennessee,4422.921
1977,Texas,13193.05
1977,Utah,1319.512
1977,Vermont,491.931
1977,Virginia,5193.112
1977,Washington,3776.05
1977,West Virginia,1908.088
1977,Wisconsin,4626.514
1977,Wyoming,413.354
1978,Alabama,3831.836
1978,Alaska,404.766
1978,Arizona,2515.316
1978,Arkansas,2243.127
1978,California,22835.958
1978,Colorado,2766.748
1978,Connecticut,3091.627
1978,Delaware,594.776
1978,District of Columbia,665.052
1978,Florida,9102.032
1978,Georgia,5295.751
1978,Hawaii,931.584
1978,Idaho,910.69
1978,Illinois,11412.561
1978,Indiana,5470.214
1978,Iowa,2918.069
1978,Kansas,2335.657
1978,Kentucky,3609.976
1978,Louisiana,4068.579
1978,Maine,1113.566
1978,Maryland,4183.603
1978,Massachusetts,5736.469
1978,Michigan,9217.761
1978,Minnesota,4015.341
1978,Mississippi,2487.816
1978,Missouri,4889.399
1978,Montana,782.317
1978,Nebraska,1563.884
1978,Nevada,719.436
1978,New Hampshire,891.52
1978,New Jersey,7350.804
1978,New Mexico,1238.034
1978,New York,17680.589
1978,North Carolina,5759.492
1978,North Dakota,651.301
1978,Ohio,10795.581
1978,Oklahoma,2917.336
1978,Oregon,2518.298
1978,Pennsylvania,11879.396
1978,Rhode Island,951.816
1978,South Carolina,3044.364
1978,South Dakota,688.58
1978,Tennessee,4486.314
1978,Texas,13500.429
1978,Utah,1367.51
1978,Vermont,498.109
1978,Virginia,5270.24
1978,Washington,3889.073
1978,West Virginia,1923.395
1978,Wisconsin,4646.108
1978,Wyoming,432.88
1979,Alabama,3866.248
1979,Alaska,402.753
1979,Arizona,2635.571
1979,Arkansas,2271.333
1979,California,23256.88
1979,Colorado,2849.234
1979,Connecticut,3095.917
1979,Delaware,594.984
1979,District of Columbia,650.016
1979,Florida,9426.159
1979,Georgia,5401.384
1979,Hawaii,953.306
1979,Idaho,932.627
1979,Illinois,11396.837
1979,Indiana,5501.174
1979,Iowa,2915.739
1979,Kansas,2350.906
1979,Kentucky,3641.804
1979,Louisiana,4137.665
1979,Maine,1122.563
1979,Maryland,4191.16
1979,Massachusetts,5738.404
1979,Michigan,9266.268
1979,Minnesota,4050.316
1979,Mississippi,2507.069
1979,Missouri,4912.43
1979,Montana,787.305
1979,Nebraska,1567.344
1979,Nevada,765.367
1979,New Hampshire,909.074
1979,New Jersey,7366.512
1979,New Mexico,1284.722
1979,New York,17583.838
1979,North Carolina,5823.491
1979,North Dakota,652.896
1979,Ohio,10798.298
1979,Oklahoma,2975.31
1979,Oregon,2588.012
1979,Pennsylvania,11887.975
1979,Rhode Island,950.382
1979,South Carolina,3090.267
1979,South Dakota,688.335
1979,Tennessee,4560.473
1979,Texas,13888.371
1979,Utah,1420.238
1979,Vermont,505.372
1979,Virginia,5307.945
1979,Washington,4017.632
1979,West Virginia,1942.146
1979,Wisconsin,4682.811
1979,Wyoming,454.378
1980,Alabama,3900.368
1980,Alaska,405.315
1980,Arizona,2737.774
1980,Arkansas,2288.738
1980,California,23800.8
1980,Colorado,2908.803
1980,Connecticut,3113.174
1980,Delaware,594.919
1980,District of Columbia,638.284
1980,Florida,9839.835
1980,Georgia,5486.174
1980,Hawaii,967.71
1980,Idaho,947.983
1980,Illinois,11434.702
1980,Indiana,5490.721
1980,Iowa,2914.018
1980,Kansas,2369.039
1980,Kentucky,3664.221
1980,Louisiana,4223.101
1980,Maine,1126.86
1980,Maryland,4227.643
1980,Massachusetts,5746.075
1980,Michigan,9255.553
1980,Minnesota,4085.017
1980,Mississippi,2525.342
1980,Missouri,4921.966
1980,Montana,788.752
1980,Nebraska,1572.296
1980,Nevada,810.215
1980,New Hampshire,924.25
1980,New Jersey,7376.33
1980,New Mexico,1309.4
1980,New York,17566.754
1980,North Carolina,5898.98
1980,North Dakota,654.38
1980,Ohio,10800.65
1980,Oklahoma,3040.758
1980,Oregon,2641.218
1980,Pennsylvania,11868.305
1980,Rhode Island,948.773
1980,South Carolina,3134.502
1980,South Dakota,690.851
1980,Tennessee,4600.252
1980,Texas,14338.208
1980,Utah,1472.595
1980,Vermont,512.524
1980,Virginia,5368.334
1980,Washington,4154.678
1980,West Virginia,1951.349
1980,Wisconsin,4712.045
1980,Wyoming,474.185
1981,Alabama,3918.531
1981,Alaska,418.491
1981,Arizona,2810.107
1981,Arkansas,2293.201
1981,California,24285.933
1981,Colorado,2977.898
1981,Connecticut,3128.836
1981,Delaware,595.975
1981,District of Columbia,636.893
1981,Florida,10192.774
1981,Georgia,5568.345
1981,Hawaii,978.195
1981,Idaho,962.204
1981,Illinois,11443.458
1981,Indiana,5480.435
1981,Iowa,2907.983
1981,Kansas,2384.849
1981,Kentucky,3670.394
1981,Louisiana,4283.303
1981,Maine,1133.033
1981,Maryland,4261.905
1981,Massachusetts,5768.685
1981,Michigan,9209.287
1981,Minnesota,4111.728
1981,Mississippi,2539.036
1981,Missouri,4932.064
1981,Montana,795.328
1981,Nebraska,1578.515
1981,Nevada,847.655
1981,New Hampshire,936.621
1981,New Jersey,7407.472
1981,New Mexico,1332.748
1981,New York,17567.734
1981,North Carolina,5956.653
1981,North Dakota,659.505
1981,Ohio,10788.33
1981,Oklahoma,3096.164
1981,Oregon,2667.982
1981,Pennsylvania,11858.567
1981,Rhode Island,953.013
1981,South Carolina,3179.255
1981,South Dakota,689.584
1981,Tennessee,4627.658
1981,Texas,14746.318
1981,Utah,1515.471
1981,Vermont,515.594
1981,Virginia,5444.097
1981,Washington,4235.731
1981,West Virginia,1954.124
1981,Wisconsin,4726.343
1981,Wyoming,491.712
1982,Alabama,3925.266
1982,Alaska,449.606
1982,Arizona,2889.861
1982,Arkansas,2294.257
1982,California,24820.009
1982,Colorado,3061.564
1982,Connecticut,3139.013
1982,Delaware,599.148
1982,District of Columbia,634.174
1982,Florida,10471.407
1982,Georgia,5649.792
1982,Hawaii,993.78
1982,Idaho,973.721
1982,Illinois,11423.412
1982,Indiana,5467.922
1982,Iowa,2888.189
1982,Kansas,2401.202
1982,Kentucky,3683.445
1982,Louisiana,4352.608
1982,Maine,1136.684
1982,Maryland,4282.923
1982,Massachusetts,5771.222
1982,Michigan,9115.198
1982,Minnesota,4131.45
1982,Mississippi,2556.777
1982,Missouri,4929.451
1982,Montana,803.986
1982,Nebraska,1581.78
1982,Nevada,881.537
1982,New Hampshire,947.719
1982,New Jersey,7430.968
1982,New Mexico,1363.823
1982,New York,17589.738
1982,North Carolina,6019.101
1982,North Dakota,668.972
1982,Ohio,10757.087
1982,Oklahoma,3206.123
1982,Oregon,2664.922
1982,Pennsylvania,11845.146
1982,Rhode Island,954.17
1982,South Carolina,3207.614
1982,South Dakota,690.597
1982,Tennessee,4646.041
1982,Texas,15331.415
1982,Utah,1558.314
1982,Vermont,519.109
1982,Virginia,5492.783
1982,Washington,4276.552
1982,West Virginia,1949.604
1982,Wisconsin,4728.87
1982,Wyoming,506.4
1983,Alabama,3934.102
1983,Alaska,488.417
1983,Arizona,2968.925
1983,Arkansas,2305.761
1983,California,25360.026
1983,Colorado,3133.63
1983,Connecticut,3162.354
1983,Delaware,605.458
1983,District of Columbia,632.433
1983,Florida,10749.851
1983,Georgia,5728.25
1983,Hawaii,1012.717
1983,Idaho,981.869
1983,Illinois,11408.818
1983,Indiana,5450.395
1983,Iowa,2870.543
1983,Kansas,2415.531
1983,Kentucky,3694.484
1983,Louisiana,4395.316
1983,Maine,1144.772
1983,Maryland,4313.327
1983,Massachusetts,5799.407
1983,Michigan,9047.754
1983,Minnesota,4141.456
1983,Mississippi,2567.717
1983,Missouri,4943.733
1983,Montana,814.031
1983,Nebraska,1584.293
1983,Nevada,901.977
1983,New Hampshire,958.134
1983,New Jersey,7467.785
1983,New Mexico,1394.361
1983,New York,17686.905
1983,North Carolina,6077.056
1983,North Dakota,676.688
1983,Ohio,10737.632
1983,Oklahoma,3290.402
1983,Oregon,2653.066
1983,Pennsylvania,11837.723
1983,Rhode Island,956.382
1983,South Carolina,3234.066
1983,South Dakota,693.008
1983,Tennessee,4659.749
1983,Texas,15751.676
1983,Utah,1594.943
1983,Vermont,523.302
1983,Virginia,5564.657
1983,Washington,4300.266
1983,West Virginia,1945.061
1983,Wisconsin,4721.438
1983,Wyoming,510.345
1984,Alabama,3951.82
1984,Alaska,513.702
1984,Arizona,3067.135
1984,Arkansas,2319.768
1984,California,25844.393
1984,Colorado,3169.992
1984,Connecticut,3180.014
1984,Delaware,611.565
1984,District of Columbia,633.382
1984,Florida,11039.925
1984,Georgia,5834.954
1984,Hawaii,1027.922
1984,Idaho,990.839
1984,Illinois,11412.132
1984,Indiana,5458.322
1984,Iowa,2858.618
1984,Kansas,2424.086
1984,Kentucky,3695.453
1984,Louisiana,4400.477
1984,Maine,1155.635
1984,Maryland,4365.243
1984,Massachusetts,5840.773
1984,Michigan,9049.452
1984,Minnesota,4157.706
1984,Mississippi,2578.051
1984,Missouri,4975.278
1984,Montana,820.905
1984,Nebraska,1588.639
1984,Nevada,924.922
1984,New Hampshire,976.864
1984,New Jersey,7515.473
1984,New Mexico,1416.717
1984,New York,17745.684
1984,North Carolina,6164.006
1984,North Dakota,680.497
1984,Ohio,10737.746
1984,Oklahoma,3285.533
1984,Oregon,2666.588
1984,Pennsylvania,11815.172
1984,Rhode Island,961.894
1984,South Carolina,3271.868
1984,South Dakota,697.249
1984,Tennessee,4686.737
1984,Texas,16007.086
1984,Utah,1622.342
1984,Vermont,526.66
1984,Virginia,5643.87
1984,Washington,4343.656
1984,West Virginia,1927.697
1984,Wisconsin,4735.563
1984,Wyoming,504.896
1985,Alabama,3972.523
1985,Alaska,532.495
1985,Arizona,3183.538
1985,Arkansas,2327.046
1985,California,26441.109
1985,Colorado,3208.723
1985,Connecticut,3201.131
1985,Delaware,618.28
1985,District of Columbia,634.549
1985,Florida,11351.118
1985,Georgia,5962.661
1985,Hawaii,1039.698
1985,Idaho,994.051
1985,Illinois,11399.806
1985,Indiana,5459.211
1985,Iowa,2829.684
1985,Kansas,2427.405
1985,Kentucky,3694.826
1985,Louisiana,4408.118
1985,Maine,1162.936
1985,Maryland,4413.071
1985,Massachusetts,5880.733
1985,Michigan,9076.293
1985,Minnesota,4184.302
1985,Mississippi,2588.102
1985,Missouri,5000.268
1985,Montana,822.32
1985,Nebraska,1584.664
1985,Nevada,951.03
1985,New Hampshire,996.753
1985,New Jersey,7565.528
1985,New Mexico,1438.361
1985,New York,17791.672
1985,North Carolina,6253.954
1985,North Dakota,676.98
1985,Ohio,10734.926
1985,Oklahoma,3271.332
1985,Oregon,2672.652
1985,Pennsylvania,11770.862
1985,Rhode Island,968.955
1985,South Carolina,3303.209
1985,South Dakota,698.402
1985,Tennessee,4715.296
1985,Texas,16272.734
1985,Utah,1642.91
1985,Vermont,530.035
1985,Virginia,5715.153
1985,Washington,4400.098
1985,West Virginia,1906.831
1985,Wisconsin,4747.767
1985,Wyoming,499.695
1986,Alabama,3991.569
1986,Alaska,544.268
1986,Arizona,3308.262
1986,Arkansas,2331.984
1986,California,27102.237
1986,Colorado,3237.45
1986,Connecticut,3223.74
1986,Delaware,627.559
1986,District of Columbia,638.269
1986,Florida,11667.505
1986,Georgia,6084.666
1986,Hawaii,1051.762
1986,Idaho,990.224
1986,Illinois,11387.257
1986,Indiana,5454.108
1986,Iowa,2791.97
1986,Kansas,2432.619
1986,Kentucky,3687.809
1986,Louisiana,4406.919
1986,Maine,1170.126
1986,Maryland,4486.957
1986,Massachusetts,5902.678
1986,Michigan,9127.775
1986,Minnesota,4205.212
1986,Mississippi,2593.597
1986,Missouri,5023.068
1986,Montana,813.739
1986,Nebraska,1574.333
1986,Nevada,980.613
1986,New Hampshire,1025.053
1986,New Jersey,7622.159
1986,New Mexico,1462.729
1986,New York,17833.419
1986,North Carolina,6321.578
1986,North Dakota,669.512
1986,Ohio,10730.268
1986,Oklahoma,3252.735
1986,Oregon,2683.528
1986,Pennsylvania,11782.752
1986,Rhode Island,977.341
1986,South Carolina,3342.758
1986,South Dakota,696.034
1986,Tennessee,4738.708
1986,Texas,16561.113
1986,Utah,1662.834
1986,Vermont,534.066
1986,Virginia,5811.7
1986,Washington,4452.72
1986,West Virginia,1882.35
1986,Wisconsin,4755.618
1986,Wyoming,495.633
1987,Alabama,4015.264
1987,Alaska,539.309
1987,Arizona,3437.103
1987,Arkansas,2342.355
1987,California,27777.158
1987,Colorado,3260.48
1987,Connecticut,3247.291
1987,Delaware,636.947
1987,District of Columbia,636.93
1987,Florida,11997.283
1987,Georgia,6208.467
1987,Hawaii,1067.918
1987,Idaho,984.997
1987,Illinois,11391.178
1987,Indiana,5473.012
1987,Iowa,2767.011
1987,Kansas,2445.367
1987,Kentucky,3683.329
1987,Louisiana,4344.148
1987,Maine,1184.574
1987,Maryland,4565.557
1987,Massachusetts,5935.204
1987,Michigan,9187.481
1987,Minnesota,4235.136
1987,Mississippi,2588.545
1987,Missouri,5056.696
1987,Montana,805.063
1987,Nebraska,1566.547
1987,Nevada,1023.376
1987,New Hampshire,1054.289
1987,New Jersey,7670.742
1987,New Mexico,1478.52
1987,New York,17868.848
1987,North Carolina,6403.7
1987,North Dakota,661.136
1987,Ohio,10760.09
1987,Oklahoma,3210.122
1987,Oregon,2700.991
1987,Pennsylvania,11810.866
1987,Rhode Island,989.604
1987,South Carolina,3380.506
1987,South Dakota,696.036
1987,Tennessee,4782.927
1987,Texas,16621.791
1987,Utah,1678.119
1987,Vermont,540.267
1987,Virginia,5932.268
1987,Washington,4531.901
1987,West Virginia,1857.585
1987,Wisconsin,4777.919
1987,Wyoming,476.965
1988,Alabama,4023.844
1988,Alaska,541.983
1988,Arizona,3535.183
1988,Arkansas,2342.656
1988,California,28464.249
1988,Colorado,3262.281
1988,Connecticut,3271.953
1988,Delaware,647.622
1988,District of Columbia,630.432
1988,Florida,12306.395
1988,Georgia,6316.142
1988,Hawaii,1079.828
1988,Idaho,985.664
1988,Illinois,11390.183
1988,Indiana,5491.735
1988,Iowa,2768.388
1988,Kansas,2461.996
1988,Kentucky,3679.999
1988,Louisiana,4288.863
1988,Maine,1203.84
1988,Maryland,4657.904
1988,Massachusetts,5979.982
1988,Michigan,9217.998
1988,Minnesota,4296.166
1988,Mississippi,2580.352
1988,Missouri,5081.736
1988,Montana,800.202
1988,Nebraska,1571.477
1988,Nevada,1075.022
1988,New Hampshire,1082.577
1988,New Jersey,7712.333
1988,New Mexico,1490.337
1988,New York,17941.309
1988,North Carolina,6480.594
1988,North Dakota,655.331
1988,Ohio,10798.552
1988,Oklahoma,3167.057
1988,Oregon,2741.297
1988,Pennsylvania,11845.752
1988,Rhode Island,996.408
1988,South Carolina,3412.096
1988,South Dakota,698.165
1988,Tennessee,4822.437
1988,Texas,16667.022
1988,Utah,1689.372
1988,Vermont,549.763
1988,Virginia,6036.909
1988,Washington,4639.893
1988,West Virginia,1830.215
1988,Wisconsin,4822.388
1988,Wyoming,465.101
1989,Alabama,4030.222
1989,Alaska,547.159
1989,Arizona,3622.185
1989,Arkansas,2346.358
1989,California,29218.164
1989,Colorado,3275.818
1989,Connecticut,3283.403
1989,Delaware,658.273
1989,District of Columbia,624.168
1989,Florida,12637.715
1989,Georgia,6411.099
1989,Hawaii,1094.588
1989,Idaho,994.416
1989,Illinois,11409.782
1989,Indiana,5523.693
1989,Iowa,2770.592
1989,Kansas,2472.849
1989,Kentucky,3677.306
1989,Louisiana,4252.894
1989,Maine,1219.961
1989,Maryland,4727.301
1989,Massachusetts,6015.478
1989,Michigan,9253.295
1989,Minnesota,4338.057
1989,Mississippi,2574.269
1989,Missouri,5095.83
1989,Montana,799.636
1989,Nebraska,1574.864
1989,Nevada,1137.382
1989,New Hampshire,1104.522
1989,New Jersey,7726.089
1989,New Mexico,1503.901
1989,New York,17983.086
1989,North Carolina,6565.459
1989,North Dakota,646.351
1989,Ohio,10829.217
1989,Oklahoma,3150.307
1989,Oregon,2790.575
1989,Pennsylvania,11865.996
1989,Rhode Island,1000.666
1989,South Carolina,3456.775
1989,South Dakota,696.701
1989,Tennessee,4854.444
1989,Texas,16806.735
1989,Utah,1705.864
1989,Vermont,557.707
1989,Virginia,6120.246
1989,Washington,4746.316
1989,West Virginia,1806.568
1989,Wisconsin,4856.574
1989,Wyoming,458.374
1990,Alabama,4048.508
1990,Alaska,553.12
1990,Arizona,3679.056
1990,Arkansas,2354.343
1990,California,29950.111
1990,Colorado,3303.862
1990,Connecticut,3289.056
1990,Delaware,669.063
1990,District of Columbia,603.814
1990,Florida,13018.365
1990,Georgia,6506.531
1990,Hawaii,1112.703
1990,Idaho,1011.882
1990,Illinois,11446.979
1990,Indiana,5555.097
1990,Iowa,2779.769
1990,Kansas,2480.683
1990,Kentucky,3692.584
1990,Louisiana,4219.179
1990,Maine,1231.296
1990,Maryland,4797.431
1990,Massachusetts,6018.664
1990,Michigan,9310.462
1990,Minnesota,4387.283
1990,Mississippi,2577.426
1990,Missouri,5126.37
1990,Montana,799.824
1990,Nebraska,1580.664
1990,Nevada,1218.629
1990,New Hampshire,1111.831
1990,New Jersey,7757.158
1990,New Mexico,1519.933
1990,New York,18002.855
1990,North Carolina,6656.987
1990,North Dakota,637.364
1990,Ohio,10861.837
1990,Oklahoma,3147.105
1990,Oregon,2858.547
1990,Pennsylvania,11895.604
1990,Rhode Island,1004.649
1990,South Carolina,3499.064
1990,South Dakota,696.667
1990,Tennessee,4890.626
1990,Texas,17044.714
1990,Utah,1729.722
1990,Vermont,564.526
1990,Virginia,6213.526
1990,Washington,4900.78
1990,West Virginia,1792.481
1990,Wisconsin,4902.265
1990,Wyoming,453.401
1991,Alabama,4091.025
1991,Alaska,569.273
1991,Arizona,3762.394
1991,Arkansas,2370.666
1991,California,30414.114
1991,Colorado,3367.567
1991,Connecticut,3288.64
1991,Delaware,680.495
1991,District of Columbia,593.239
1991,Florida,13289.497
1991,Georgia,6621.279
1991,Hawaii,1131.412
1991,Idaho,1038.915
1991,Illinois,11535.973
1991,Indiana,5602.062
1991,Iowa,2791.227
1991,Kansas,2495.209
1991,Kentucky,3714.686
1991,Louisiana,4240.95
1991,Maine,1235.439
1991,Maryland,4856.176
1991,Massachusetts,5998.652
1991,Michigan,9395.022
1991,Minnesota,4427.429
1991,Mississippi,2591.23
1991,Missouri,5157.77
1991,Montana,807.837
1991,Nebraska,1590.805
1991,Nevada,1285.046
1991,New Hampshire,1107.055
1991,New Jersey,7784.269
1991,New Mexico,1547.115
1991,New York,18029.532
1991,North Carolina,6748.135
1991,North Dakota,634.199
1991,Ohio,10933.683
1991,Oklahoma,3166.471
1991,Oregon,2918.745
1991,Pennsylvania,11943.16
1991,Rhode Island,1003.99
1991,South Carolina,3559.47
1991,South Dakota,701.445
1991,Tennessee,4946.886
1991,Texas,17339.904
1991,Utah,1771.941
1991,Vermont,567.141
1991,Virginia,6283.853
1991,Washington,5013.443
1991,West Virginia,1798.212
1991,Wisconsin,4952.675
1991,Wyoming,457.739
1992,Alabama,4139.269
1992,Alaska,587.073
1992,Arizona,3867.333
1992,Arkansas,2394.098
1992,California,30875.92
1992,Colorado,3459.995
1992,Connecticut,3274.997
1992,Delaware,690.158
1992,District of Columbia,584.183
1992,Florida,13504.775
1992,Georgia,6759.474
1992,Hawaii,1149.926
1992,Idaho,1066.49
1992,Illinois,11635.197
1992,Indiana,5648.649
1992,Iowa,2806.923
1992,Kansas,2526.042
1992,Kentucky,3756.358
1992,Louisiana,4270.849
1992,Maine,1235.748
1992,Maryland,4902.545
1992,Massachusetts,5993.474
1992,Michigan,9470.323
1992,Minnesota,4471.503
1992,Mississippi,2610.193
1992,Missouri,5193.686
1992,Montana,822.436
1992,Nebraska,1602.406
1992,Nevada,1330.694
1992,New Hampshire,1112.766
1992,New Jersey,7827.77
1992,New Mexico,1580.75
1992,New York,18082.032
1992,North Carolina,6831.85
1992,North Dakota,635.427
1992,Ohio,11007.609
1992,Oklahoma,3204.174
1992,Oregon,2973.934
1992,Pennsylvania,11980.819
1992,Rhode Island,1000.571
1992,South Carolina,3600.576
1992,South Dakota,708.698
1992,Tennessee,5013.999
1992,Texas,17650.479
1992,Utah,1821.498
1992,Vermont,570.115
1992,Virginia,6383.315
1992,Washington,5139.011
1992,West Virginia,1805.462
1992,Wisconsin,5004.636
1992,Wyoming,463.491
1993,Alabama,4193.114
1993,Alaska,596.993
1993,Arizona,3993.39
1993,Arkansas,2423.743
1993,California,31147.208
1993,Colorado,3560.884
1993,Connecticut,3272.325
1993,Delaware,699.475
1993,District of Columbia,576.358
1993,Florida,13713.593
1993,Georgia,6894.092
1993,Hawaii,1161.508
1993,Idaho,1101.204
1993,Illinois,11725.984
1993,Indiana,5701.965
1993,Iowa,2820.525
1993,Kansas,2547.605
1993,Kentucky,3792.288
1993,Louisiana,4284.749
1993,Maine,1238.256
1993,Maryland,4942.504
1993,Massachusetts,6010.884
1993,Michigan,9529.24
1993,Minnesota,4521.709
1993,Mississippi,2635.574
1993,Missouri,5237.757
1993,Montana,839.876
1993,Nebraska,1612.149
1993,Nevada,1380.197
1993,New Hampshire,1122.191
1993,New Jersey,7874.891
1993,New Mexico,1614.937
1993,New York,18140.894
1993,North Carolina,6947.412
1993,North Dakota,637.229
1993,Ohio,11070.385
1993,Oklahoma,3228.829
1993,Oregon,3034.49
1993,Pennsylvania,12022.128
1993,Rhode Island,997.852
1993,South Carolina,3634.507
1993,South Dakota,716.258
1993,Tennessee,5085.666
1993,Texas,17996.764
1993,Utah,1875.993
1993,Vermont,574.004
1993,Virginia,6464.795
1993,Washington,5247.704
1993,West Virginia,1816.179
1993,Wisconsin,5055.318
1993,Wyoming,469.033
1994,Alabama,4232.965
1994,Alaska,600.624
1994,Arizona,4147.561
1994,Arkansas,2450.605
1994,California,31317.179
1994,Colorado,3653.91
1994,Connecticut,3268.346
1994,Delaware,708.416
1994,District of Columbia,564.982
1994,Florida,13961.798
1994,Georgia,7045.9
1994,Hawaii,1173.903
1994,Idaho,1135.459
1994,Illinois,11804.986
1994,Indiana,5745.626
1994,Iowa,2829.422
1994,Kansas,2569.118
1994,Kentucky,3823.215
1994,Louisiana,4306.5
1994,Maine,1237.687
1994,Maryland,4985.411
1994,Massachusetts,6031.352
1994,Michigan,9584.481
1994,Minnesota,4566.028
1994,Mississippi,2663.45
1994,Missouri,5281.206
1994,Montana,854.923
1994,Nebraska,1621.551
1994,Nevada,1456.388
1994,New Hampshire,1133.054
1994,New Jersey,7918.796
1994,New Mexico,1653.329
1994,New York,18156.652
1994,North Carolina,7060.959
1994,North Dakota,639.762
1994,Ohio,11111.451
1994,Oklahoma,3246.119
1994,Oregon,3087.142
1994,Pennsylvania,12042.545
1994,Rhode Island,993.412
1994,South Carolina,3666.456
1994,South Dakota,723.038
1994,Tennessee,5163.016
1994,Texas,18338.319
1994,Utah,1930.436
1994,Vermont,578.9
1994,Virginia,6536.771
1994,Washington,5334.896
1994,West Virginia,1818.49
1994,Wisconsin,5095.504
1994,Wyoming,474.982
1995,Alabama,4262.731
1995,Alaska,601.345
1995,Arizona,4306.908
1995,Arkansas,2480.121
1995,California,31493.525
1995,Colorado,3738.061
1995,Connecticut,3265.293
1995,Delaware,718.265
1995,District of Columbia,551.273
1995,Florida,14185.403
1995,Georgia,7188.538
1995,Hawaii,1180.49
1995,Idaho,1165
1995,Illinois,11884.935
1995,Indiana,5791.819
1995,Iowa,2840.86
1995,Kansas,2586.942
1995,Kentucky,3855.248
1995,Louisiana,4327.978
1995,Maine,1237.438
1995,Maryland,5023.65
1995,Massachusetts,6062.335
1995,Michigan,9659.871
1995,Minnesota,4605.445
1995,Mississippi,2690.788
1995,Missouri,5324.61
1995,Montana,868.522
1995,Nebraska,1635.142
1995,Nevada,1525.777
1995,New Hampshire,1145.604
1995,New Jersey,7965.523
1995,New Mexico,1682.417
1995,New York,18150.928
1995,North Carolina,7185.403
1995,North Dakota,641.548
1995,Ohio,11155.493
1995,Oklahoma,3265.547
1995,Oregon,3141.421
1995,Pennsylvania,12044.78
1995,Rhode Island,989.203
1995,South Carolina,3699.943
1995,South Dakota,728.251
1995,Tennessee,5241.168
1995,Texas,18679.706
1995,Utah,1976.774
1995,Vermont,582.827
1995,Virginia,6601.392
1995,Washington,5431.024
1995,West Virginia,1820.56
1995,Wisconsin,5137.004
1995,Wyoming,478.447
1996,Alabama,4290.403
1996,Alaska,604.918
1996,Arizona,4432.308
1996,Arkansas,2504.858
1996,California,31780.829
1996,Colorado,3812.716
1996,Connecticut,3267.03
1996,Delaware,727.09
1996,District of Columbia,538.273
1996,Florida,14426.911
1996,Georgia,7332.225
1996,Hawaii,1184.434
1996,Idaho,1187.706
1996,Illinois,11953.003
1996,Indiana,5834.908
1996,Iowa,2848.473
1996,Kansas,2598.266
1996,Kentucky,3881.051
1996,Louisiana,4338.763
1996,Maine,1241.436
1996,Maryland,5057.142
1996,Massachusetts,6085.393
1996,Michigan,9739.184
1996,Minnesota,4647.723
1996,Mississippi,2709.925
1996,Missouri,5367.888
1996,Montana,876.656
1996,Nebraska,1647.657
1996,Nevada,1596.476
1996,New Hampshire,1160.768
1996,New Jersey,8009.624
1996,New Mexico,1706.151
1996,New York,18143.805
1996,North Carolina,7307.658
1996,North Dakota,642.858
1996,Ohio,11187.032
1996,Oklahoma,3289.634
1996,Oregon,3195.087
1996,Pennsylvania,12038.008
1996,Rhode Island,987.858
1996,South Carolina,3738.974
1996,South Dakota,730.699
1996,Tennessee,5313.576
1996,Texas,19006.24
1996,Utah,2022.253
1996,Vermont,586.352
1996,Virginia,6665.491
1996,Washington,5509.963
1996,West Virginia,1818.983
1996,Wisconsin,5173.828
1996,Wyoming,480.085
1997,Alabama,4320.281
1997,Alaska,608.846
1997,Arizona,4552.207
1997,Arkansas,2524.007
1997,California,32217.708
1997,Colorado,3891.293
1997,Connecticut,3268.514
1997,Delaware,735.024
1997,District of Columbia,528.752
1997,Florida,14683.35
1997,Georgia,7486.094
1997,Hawaii,1189.322
1997,Idaho,1210.638
1997,Illinois,12011.509
1997,Indiana,5872.37
1997,Iowa,2854.396
1997,Kansas,2616.339
1997,Kentucky,3907.816
1997,Louisiana,4351.39
1997,Maine,1245.215
1997,Maryland,5092.914
1997,Massachusetts,6115.476
1997,Michigan,9785.45
1997,Minnesota,4687.726
1997,Mississippi,2731.826
1997,Missouri,5407.113
1997,Montana,878.706
1997,Nebraska,1656.042
1997,Nevada,1675.581
1997,New Hampshire,1173.239
1997,New Jersey,8054.178
1997,New Mexico,1722.939
1997,New York,18143.184
1997,North Carolina,7428.672
1997,North Dakota,640.945
1997,Ohio,11212.498
1997,Oklahoma,3314.259
1997,Oregon,3243.254
1997,Pennsylvania,12015.888
1997,Rhode Island,986.966
1997,South Carolina,3790.066
1997,South Dakota,730.855
1997,Tennessee,5378.433
1997,Texas,19355.427
1997,Utah,2065.397
1997,Vermont,588.665
1997,Virginia,6732.878
1997,Washington,5604.105
1997,West Virginia,1815.588
1997,Wisconsin,5200.235
1997,Wyoming,480.031
1998,Alabama,4351.037
1998,Alaska,615.205
1998,Arizona,4667.277
1998,Arkansas,2538.202
1998,California,32682.794
1998,Colorado,3968.967
1998,Connecticut,3272.563
1998,Delaware,744.066
1998,District of Columbia,521.426
1998,Florida,14908.23
1998,Georgia,7636.522
1998,Hawaii,1190.472
1998,Idaho,1230.923
1998,Illinois,12069.774
1998,Indiana,5907.617
1998,Iowa,2861.025
1998,Kansas,2638.667
1998,Kentucky,3934.31
1998,Louisiana,4362.758
1998,Maine,1247.554
1998,Maryland,5130.072
1998,Massachusetts,6144.407
1998,Michigan,9820.231
1998,Minnesota,4726.411
1998,Mississippi,2751.335
1998,Missouri,5437.562
1998,Montana,879.533
1998,Nebraska,1660.772
1998,Nevada,1743.772
1998,New Hampshire,1185.823
1998,New Jersey,8095.542
1998,New Mexico,1733.535
1998,New York,18159.175
1998,North Carolina,7545.828
1998,North Dakota,637.808
1998,Ohio,11237.752
1998,Oklahoma,3339.478
1998,Oregon,3282.055
1998,Pennsylvania,12002.329
1998,Rhode Island,987.704
1998,South Carolina,3839.578
1998,South Dakota,730.789
1998,Tennessee,5432.679
1998,Texas,19712.389
1998,Utah,2100.562
1998,Vermont,590.579
1998,Virginia,6789.225
1998,Washington,5687.832
1998,West Virginia,1811.688
1998,Wisconsin,5222.124
1998,Wyoming,480.045
1999,Alabama,4369.862
1999,Alaska,619.5
1999,Arizona,4778.332
1999,Arkansas,2551.373
1999,California,33145.121
1999,Colorado,4056.133
1999,Connecticut,3282.031
1999,Delaware,753.538
1999,District of Columbia,519
1999,Florida,15111.244
1999,Georgia,7788.24
1999,Hawaii,1185.497
1999,Idaho,1251.7
1999,Illinois,12128.37
1999,Indiana,5942.901
1999,Iowa,2869.413
1999,Kansas,2654.052
1999,Kentucky,3960.825
1999,Louisiana,4372.035
1999,Maine,1253.04
1999,Maryland,5171.634
1999,Massachusetts,6175.169
1999,Michigan,9863.775
1999,Minnesota,4775.508
1999,Mississippi,2768.619
1999,Missouri,5468.338
1999,Montana,882.779
1999,Nebraska,1666.028
1999,Nevada,1809.253
1999,New Hampshire,1201.134
1999,New Jersey,8143.412
1999,New Mexico,1739.844
1999,New York,18196.601
1999,North Carolina,7650.789
1999,North Dakota,633.666
1999,Ohio,11256.654
1999,Oklahoma,3358.044
1999,Oregon,3316.154
1999,Pennsylvania,11994.016
1999,Rhode Island,990.819
1999,South Carolina,3885.736
1999,South Dakota,733.133
1999,Tennessee,5483.535
1999,Texas,20044.141
1999,Utah,2129.836
1999,Vermont,593.74
1999,Virginia,6872.912
1999,Washington,5756.361
1999,West Virginia,1806.928
1999,Wisconsin,5250.446
1999,Wyoming,479.602
2000,Alabama,4452.173
2000,Alaska,627.963
2000,Arizona,5160.586
2000,Arkansas,2678.588
2000,California,33987.977
2000,Colorado,4326.921
2000,Connecticut,3411.777
2000,Delaware,786.373
2000,District of Columbia,572.046
2000,Florida,16047.515
2000,Georgia,8227.303
2000,Hawaii,1213.519
2000,Idaho,1299.43
2000,Illinois,12434.161
2000,Indiana,6091.866
2000,Iowa,2929.067
2000,Kansas,2693.681
2000,Kentucky,4049.021
2000,Louisiana,4471.885
2000,Maine,1277.072
2000,Maryland,5311.034
2000,Massachusetts,6361.104
2000,Michigan,9952.45
2000,Minnesota,4933.692
2000,Mississippi,2848.353
2000,Missouri,5607.285
2000,Montana,903.773
2000,Nebraska,1713.82
2000,Nevada,2018.741
2000,New Hampshire,1239.882
2000,New Jersey,8430.621
2000,New Mexico,1821.204
2000,New York,19001.78
2000,North Carolina,8081.614
2000,North Dakota,642.023
2000,Ohio,11363.543
2000,Oklahoma,3454.365
2000,Oregon,3429.708
2000,Pennsylvania,12284.173
2000,Rhode Island,1050.268
2000,South Carolina,4024.223
2000,South Dakota,755.844
2000,Tennessee,5703.719
2000,Texas,20944.499
2000,Utah,2244.502
2000,Vermont,609.618
2000,Virginia,7105.817
2000,Washington,5910.512
2000,West Virginia,1807.021
2000,Wisconsin,5373.999
2000,Wyoming,494.3
2001,Alabama,4467.634
2001,Alaska,633.714
2001,Arizona,5273.477
2001,Arkansas,2691.571
2001,California,34479.458
2001,Colorado,4425.687
2001,Connecticut,3432.835
2001,Delaware,795.699
2001,District of Columbia,574.504
2001,Florida,16356.966
2001,Georgia,8377.038
2001,Hawaii,1225.948
2001,Idaho,1319.962
2001,Illinois,12488.445
2001,Indiana,6127.76
2001,Iowa,2931.997
2001,Kansas,2702.162
2001,Kentucky,4068.132
2001,Louisiana,4477.875
2001,Maine,1285.692
2001,Maryland,5374.691
2001,Massachusetts,6397.634
2001,Michigan,9991.12
2001,Minnesota,4982.796
2001,Mississippi,2852.994
2001,Missouri,5641.142
2001,Montana,906.961
2001,Nebraska,1719.836
2001,Nevada,2098.399
2001,New Hampshire,1255.517
2001,New Jersey,8492.671
2001,New Mexico,1831.69
2001,New York,19082.838
2001,North Carolina,8210.122
2001,North Dakota,639.062
2001,Ohio,11387.404
2001,Oklahoma,3467.1
2001,Oregon,3467.937
2001,Pennsylvania,12298.97
2001,Rhode Island,1057.142
2001,South Carolina,4064.995
2001,South Dakota,757.972
2001,Tennessee,5750.789
2001,Texas,21319.622
2001,Utah,2283.715
2001,Vermont,612.223
2001,Virginia,7198.362
2001,Washington,5985.722
2001,West Virginia,1801.481
2001,Wisconsin,5406.835
2001,Wyoming,494.657
2002,Alabama,4480.089
2002,Alaska,642.337
2002,Arizona,5396.255
2002,Arkansas,2705.927
2002,California,34871.843
2002,Colorado,4490.406
2002,Connecticut,3458.749
2002,Delaware,806.169
2002,District of Columbia,573.158
2002,Florida,16689.37
2002,Georgia,8508.256
2002,Hawaii,1239.613
2002,Idaho,1340.372
2002,Illinois,12525.556
2002,Indiana,6155.967
2002,Iowa,2934.234
2002,Kansas,2713.535
2002,Kentucky,4089.875
2002,Louisiana,4497.267
2002,Maine,1295.96
2002,Maryland,5440.389
2002,Massachusetts,6417.206
2002,Michigan,10015.71
2002,Minnesota,5018.935
2002,Mississippi,2858.681
2002,Missouri,5674.825
2002,Montana,911.667
2002,Nebraska,1728.292
2002,Nevada,2173.791
2002,New Hampshire,1269.089
2002,New Jersey,8552.643
2002,New Mexico,1855.309
2002,New York,19137.8
2002,North Carolina,8326.201
2002,North Dakota,638.168
2002,Ohio,11407.889
2002,Oklahoma,3489.08
2002,Oregon,3513.424
2002,Pennsylvania,12331.031
2002,Rhode Island,1065.995
2002,South Carolina,4107.795
2002,South Dakota,760.02
2002,Tennessee,5795.918
2002,Texas,21690.325
2002,Utah,2324.815
2002,Vermont,615.442
2002,Virginia,7286.873
2002,Washington,6052.349
2002,West Virginia,1805.414
2002,Wisconsin,5445.162
2002,Wyoming,500.017
2003,Alabama,4503.491
2003,Alaska,648.414
2003,Arizona,5510.364
2003,Arkansas,2724.816
2003,California,35253.159
2003,Colorado,4528.732
2003,Connecticut,3484.336
2003,Delaware,818.003
2003,District of Columbia,568.502
2003,Florida,17004.085
2003,Georgia,8622.793
2003,Hawaii,1251.154
2003,Idaho,1363.38
2003,Illinois,12556.006
2003,Indiana,6196.638
2003,Iowa,2941.999
2003,Kansas,2723.004
2003,Kentucky,4117.17
2003,Louisiana,4521.042
2003,Maine,1306.513
2003,Maryland,5496.269
2003,Massachusetts,6422.565
2003,Michigan,10041.152
2003,Minnesota,5053.572
2003,Mississippi,2868.312
2003,Missouri,5709.403
2003,Montana,919.63
2003,Nebraska,1738.643
2003,Nevada,2248.85
2003,New Hampshire,1279.84
2003,New Jersey,8601.402
2003,New Mexico,1877.574
2003,New York,19175.939
2003,North Carolina,8422.501
2003,North Dakota,638.817
2003,Ohio,11434.788
2003,Oklahoma,3504.892
2003,Oregon,3547.376
2003,Pennsylvania,12374.658
2003,Rhode Island,1071.342
2003,South Carolina,4150.297
2003,South Dakota,763.729
2003,Tennessee,5847.812
2003,Texas,22030.931
2003,Utah,2360.137
2003,Vermont,617.858
2003,Virginia,7366.977
2003,Washington,6104.115
2003,West Virginia,1812.295
2003,Wisconsin,5479.203
2003,Wyoming,503.453
2004,Alabama,4530.729
2004,Alaska,659.286
2004,Arizona,5652.404
2004,Arkansas,2749.686
2004,California,35574.576
2004,Colorado,4575.013
2004,Connecticut,3496.094
2004,Delaware,830.803
2004,District of Columbia,567.754
2004,Florida,17415.318
2004,Georgia,8769.252
2004,Hawaii,1273.569
2004,Idaho,1391.802
2004,Illinois,12589.773
2004,Indiana,6233.007
2004,Iowa,2953.635
2004,Kansas,2734.373
2004,Kentucky,4146.101
2004,Louisiana,4552.238
2004,Maine,1313.688
2004,Maryland,5546.935
2004,Massachusetts,6412.281
2004,Michigan,10055.315
2004,Minnesota,5087.713
2004,Mississippi,2889.01
2004,Missouri,5747.741
2004,Montana,930.009
2004,Nebraska,1749.37
2004,Nevada,2346.222
2004,New Hampshire,1290.121
2004,New Jersey,8634.561
2004,New Mexico,1903.808
2004,New York,19171.567
2004,North Carolina,8553.152
2004,North Dakota,644.705
2004,Ohio,11452.251
2004,Oklahoma,3525.233
2004,Oregon,3569.463
2004,Pennsylvania,12410.722
2004,Rhode Island,1074.579
2004,South Carolina,4210.921
2004,South Dakota,770.396
2004,Tennessee,5910.809
2004,Texas,22394.023
2004,Utah,2401.58
2004,Vermont,619.92
2004,Virginia,7475.575
2004,Washington,6178.645
2004,West Virginia,1816.438
2004,Wisconsin,5514.026
2004,Wyoming,509.106
2005,Alabama,4569.805
2005,Alaska,666.946
2005,Arizona,5839.077
2005,Arkansas,2781.097
2005,California,35827.943
2005,Colorado,4631.888
2005,Connecticut,3506.956
2005,Delaware,845.15
2005,District of Columbia,567.136
2005,Florida,17842.038
2005,Georgia,8925.922
2005,Hawaii,1292.729
2005,Idaho,1428.241
2005,Illinois,12609.903
2005,Indiana,6278.616
2005,Iowa,2964.454
2005,Kansas,2745.299
2005,Kentucky,4182.742
2005,Louisiana,4576.628
2005,Maine,1318.787
2005,Maryland,5592.379
2005,Massachusetts,6403.29
2005,Michigan,10051.137
2005,Minnesota,5119.598
2005,Mississippi,2905.943
2005,Missouri,5790.3
2005,Montana,940.102
2005,Nebraska,1761.497
2005,Nevada,2432.143
2005,New Hampshire,1298.492
2005,New Jersey,8651.974
2005,New Mexico,1932.274
2005,New York,19132.61
2005,North Carolina,8705.407
2005,North Dakota,646.089
2005,Ohio,11463.32
2005,Oklahoma,3548.597
2005,Oregon,3613.202
2005,Pennsylvania,12449.99
2005,Rhode Island,1067.916
2005,South Carolina,4270.15
2005,South Dakota,775.493
2005,Tennessee,5991.057
2005,Texas,22778.123
2005,Utah,2457.719
2005,Vermont,621.215
2005,Virginia,7577.105
2005,Washington,6257.305
2005,West Virginia,1820.492
2005,Wisconsin,5546.166
2005,Wyoming,514.157
2006,Alabama,4628.981
2006,Alaska,675.302
2006,Arizona,6029.141
2006,Arkansas,2821.761
2006,California,36021.202
2006,Colorado,4720.423
2006,Connecticut,3517.46
2006,Delaware,859.268
2006,District of Columbia,570.681
2006,Florida,18166.99
2006,Georgia,9155.813
2006,Hawaii,1309.731
2006,Idaho,1468.669
2006,Illinois,12643.955
2006,Indiana,6332.669
2006,Iowa,2982.644
2006,Kansas,2762.931
2006,Kentucky,4219.239
2006,Louisiana,4302.665
2006,Maine,1323.619
2006,Maryland,5627.367
2006,Massachusetts,6410.084
2006,Michigan,10036.081
2006,Minnesota,5163.555
2006,Mississippi,2904.978
2006,Missouri,5842.704
2006,Montana,952.692
2006,Nebraska,1772.693
2006,Nevada,2522.658
2006,New Hampshire,1308.389
2006,New Jersey,8661.679
2006,New Mexico,1962.137
2006,New York,19104.631
2006,North Carolina,8917.27
2006,North Dakota,649.422
2006,Ohio,11481.213
2006,Oklahoma,3594.09
2006,Oregon,3670.883
2006,Pennsylvania,12510.809
2006,Rhode Island,1063.096
2006,South Carolina,4357.847
2006,South Dakota,783.033
2006,Tennessee,6088.766
2006,Texas,23359.58
2006,Utah,2525.507
2006,Vermont,622.892
2006,Virginia,7673.725
2006,Washington,6370.753
2006,West Virginia,1827.912
2006,Wisconsin,5577.655
2006,Wyoming,522.667
2007,Alabama,4672.84
2007,Alaska,680.3
2007,Arizona,6167.681
2007,Arkansas,2848.65
2007,California,36250.311
2007,Colorado,4803.868
2007,Connecticut,3527.27
2007,Delaware,871.749
2007,District of Columbia,574.404
2007,Florida,18367.842
2007,Georgia,9349.988
2007,Hawaii,1315.675
2007,Idaho,1505.105
2007,Illinois,12695.866
2007,Indiana,6379.599
2007,Iowa,2999.212
2007,Kansas,2783.785
2007,Kentucky,4256.672
2007,Louisiana,4375.581
2007,Maine,1327.04
2007,Maryland,5653.408
2007,Massachusetts,6431.559
2007,Michigan,10001.284
2007,Minnesota,5207.203
2007,Mississippi,2928.35
2007,Missouri,5887.612
2007,Montana,964.706
2007,Nebraska,1783.44
2007,Nevada,2601.072
2007,New Hampshire,1312.54
2007,New Jersey,8677.885
2007,New Mexico,1990.07
2007,New York,19132.335
2007,North Carolina,9118.037
2007,North Dakota,652.822
2007,Ohio,11500.468
2007,Oklahoma,3634.349
2007,Oregon,3722.417
2007,Pennsylvania,12563.937
2007,Rhode Island,1057.315
2007,South Carolina,4444.11
2007,South Dakota,791.623
2007,Tennessee,6175.727
2007,Texas,23831.983
2007,Utah,2597.746
2007,Vermont,623.481
2007,Virginia,7751
2007,Washington,6461.587
2007,West Virginia,1834.052
2007,Wisconsin,5610.775
2007,Wyoming,534.876
2008,Alabama,4718.206
2008,Alaska,687.455
2008,Arizona,6280.362
2008,Arkansas,2874.554
2008,California,36604.337
2008,Colorado,4889.73
2008,Connecticut,3545.579
2008,Delaware,883.874
2008,District of Columbia,580.236
2008,Florida,18527.305
2008,Georgia,9504.843
2008,Hawaii,1332.213
2008,Idaho,1534.32
2008,Illinois,12747.038
2008,Indiana,6424.806
2008,Iowa,3016.734
2008,Kansas,2808.076
2008,Kentucky,4289.878
2008,Louisiana,4435.586
2008,Maine,1330.509
2008,Maryland,5684.965
2008,Massachusetts,6468.967
2008,Michigan,9946.889
2008,Minnesota,5247.018
2008,Mississippi,2947.806
2008,Missouri,5923.916
2008,Montana,976.415
2008,Nebraska,1796.378
2008,Nevada,2653.63
2008,New Hampshire,1315.906
2008,New Jersey,8711.09
2008,New Mexico,2010.662
2008,New York,19212.436
2008,North Carolina,9309.449
2008,North Dakota,657.569
2008,Ohio,11515.391
2008,Oklahoma,3668.976
2008,Oregon,3768.748
2008,Pennsylvania,12612.285
2008,Rhode Island,1055.003
2008,South Carolina,4528.996
2008,South Dakota,799.124
2008,Tennessee,6247.411
2008,Texas,24309.039
2008,Utah,2663.029
2008,Vermont,624.151
2008,Virginia,7833.496
2008,Washington,6562.231
2008,West Virginia,1840.31
2008,Wisconsin,5640.996
2008,Wyoming,546.043
2009,Alabama,4757.938
2009,Alaska,698.895
2009,Arizona,6343.154
2009,Arkansas,2896.843
2009,California,36961.229
2009,Colorado,4972.195
2009,Connecticut,3561.807
2009,Delaware,891.73
2009,District of Columbia,592.228
2009,Florida,18652.644
2009,Georgia,9620.846
2009,Hawaii,1346.717
2009,Idaho,1554.439
2009,Illinois,12796.778
2009,Indiana,6459.325
2009,Iowa,3032.87
2009,Kansas,2832.704
2009,Kentucky,4317.074
2009,Louisiana,4491.648
2009,Maine,1329.59
2009,Maryland,5730.388
2009,Massachusetts,6517.613
2009,Michigan,9901.591
2009,Minnesota,5281.203
2009,Mississippi,2958.774
2009,Missouri,5961.088
2009,Montana,983.982
2009,Nebraska,1812.683
2009,Nevada,2684.665
2009,New Hampshire,1316.102
2009,New Jersey,8755.602
2009,New Mexico,2036.802
2009,New York,19307.066
2009,North Carolina,9449.566
2009,North Dakota,664.968
2009,Ohio,11528.896
2009,Oklahoma,3717.572
2009,Oregon,3808.6
2009,Pennsylvania,12666.858
2009,Rhode Island,1053.646
2009,South Carolina,4589.872
2009,South Dakota,807.067
2009,Tennessee,6306.019
2009,Texas,24801.761
2009,Utah,2723.421
2009,Vermont,624.817
2009,Virginia,7925.937
2009,Washington,6667.426
2009,West Virginia,1847.775
2009,Wisconsin,5669.264
2009,Wyoming,559.851
2010,Alabama,4785.514
2010,Alaska,713.982
2010,Arizona,6407.342
2010,Arkansas,2921.998
2010,California,37319.55
2010,Colorado,5047.539
2010,Connecticut,3579.173
2010,Delaware,899.647
2010,District of Columbia,605.282
2010,Florida,18846.143
2010,Georgia,9712.209
2010,Hawaii,1364.004
2010,Idaho,1570.819
2010,Illinois,12840.545
2010,Indiana,6490.555
2010,Iowa,3050.819
2010,Kansas,2858.266
2010,Kentucky,4348.464
2010,Louisiana,4544.635
2010,Maine,1327.651
2010,Maryland,5788.784
2010,Massachusetts,6566.44
2010,Michigan,9877.597
2010,Minnesota,5310.934
2010,Mississippi,2970.615
2010,Missouri,5996.089
2010,Montana,990.73
2010,Nebraska,1829.591
2010,Nevada,2702.483
2010,New Hampshire,1316.807
2010,New Jersey,8799.451
2010,New Mexico,2064.614
2010,New York,19399.956
2010,North Carolina,9574.586
2010,North Dakota,674.752
2010,Ohio,11539.449
2010,Oklahoma,3760.014
2010,Oregon,3837.614
2010,Pennsylvania,12711.406
2010,Rhode Island,1053.994
2010,South Carolina,4635.846
2010,South Dakota,816.193
2010,Tennessee,6355.518
2010,Texas,25241.897
2010,Utah,2775.413
2010,Vermont,625.886
2010,Virginia,8024.004
2010,Washington,6743.009
2010,West Virginia,1854.265
2010,Wisconsin,5690.538
2010,Wyoming,564.531
2011,Alabama,4799.642
2011,Alaska,722.349
2011,Arizona,6473.416
2011,Arkansas,2941.038
2011,California,37636.311
2011,Colorado,5121.9
2011,Connecticut,3588.632
2011,Delaware,907.59
2011,District of Columbia,620.29
2011,Florida,19055.607
2011,Georgia,9803.63
2011,Hawaii,1379.562
2011,Idaho,1584.272
2011,Illinois,12867.783
2011,Indiana,6517.25
2011,Iowa,3066.772
2011,Kansas,2869.677
2011,Kentucky,4370.817
2011,Louisiana,4576.244
2011,Maine,1328.473
2011,Maryland,5840.241
2011,Massachusetts,6614.218
2011,Michigan,9883.053
2011,Minnesota,5346.62
2011,Mississippi,2979.147
2011,Missouri,6011.182
2011,Montana,997.518
2011,Nebraska,1840.914
2011,Nevada,2713.114
2011,New Hampshire,1320.444
2011,New Jersey,8828.552
2011,New Mexico,2080.707
2011,New York,19499.921
2011,North Carolina,9658.913
2011,North Dakota,685.526
2011,Ohio,11545.735
2011,Oklahoma,3788.824
2011,Oregon,3872.672
2011,Pennsylvania,12747.052
2011,Rhode Island,1053.829
2011,South Carolina,4672.655
2011,South Dakota,823.74
2011,Tennessee,6400.298
2011,Texas,25645.504
2011,Utah,2814.797
2011,Vermont,627.197
2011,Virginia,8102.437
2011,Washington,6827.479
2011,West Virginia,1856.606
2011,Wisconsin,5705.84
2011,Wyoming,567.491
2012,Alabama,4816.632
2012,Alaska,730.81
2012,Arizona,6556.344
2012,Arkansas,2952.876
2012,California,37944.551
2012,Colorado,5193.66
2012,Connecticut,3595.211
2012,Delaware,915.518
2012,District of Columbia,635.737
2012,Florida,19302.016
2012,Georgia,9903.58
2012,Hawaii,1395.199
2012,Idaho,1595.91
2012,Illinois,12883.029
2012,Indiana,6538.989
2012,Iowa,3076.844
2012,Kansas,2886.024
2012,Kentucky,4387.865
2012,Louisiana,4602.067
2012,Maine,1328.094
2012,Maryland,5888.375
2012,Massachusetts,6664.269
2012,Michigan,9898.289
2012,Minnesota,5377.5
2012,Mississippi,2984.599
2012,Missouri,6026.027
2012,Montana,1004.168
2012,Nebraska,1853.691
2012,Nevada,2744.67
2012,New Hampshire,1324.677
2012,New Jersey,8845.671
2012,New Mexico,2087.715
2012,New York,19574.362
2012,North Carolina,9751.81
2012,North Dakota,702.227
2012,Ohio,11550.971
2012,Oklahoma,3819.32
2012,Oregon,3900.102
2012,Pennsylvania,12769.123
2012,Rhode Island,1054.893
2012,South Carolina,4719.027
2012,South Dakota,833.859
2012,Tennessee,6455.752
2012,Texas,26084.12
2012,Utah,2854.146
2012,Vermont,626.361
2012,Virginia,8187.456
2012,Washington,6898.599
2012,West Virginia,1857.446
2012,Wisconsin,5720.825
2012,Wyoming,576.656
2013,Alabama,4831.586
2013,Alaska,737.626
2013,Arizona,6634.69
2013,Arkansas,2960.459
2013,California,38253.768
2013,Colorado,5270.774
2013,Connecticut,3595.792
2013,Delaware,924.062
2013,District of Columbia,651.559
2013,Florida,19551.678
2013,Georgia,9975.592
2013,Hawaii,1408.822
2013,Idaho,1612.053
2013,Illinois,12895.778
2013,Indiana,6570.575
2013,Iowa,3093.935
2013,Kansas,2894.306
2013,Kentucky,4406.906
2013,Louisiana,4626.04
2013,Maine,1328.543
2013,Maryland,5925.197
2013,Massachusetts,6715.158
2013,Michigan,9914.802
2013,Minnesota,5414.722
2013,Mississippi,2989.839
2013,Missouri,6042.989
2013,Montana,1014.158
2013,Nebraska,1865.813
2013,Nevada,2776.956
2013,New Hampshire,1327.272
2013,New Jersey,8857.821
2013,New Mexico,2092.833
2013,New York,19626.488
2013,North Carolina,9846.717
2013,North Dakota,723.149
2013,Ohio,11579.692
2013,Oklahoma,3853.891
2013,Oregon,3924.11
2013,Pennsylvania,12779.538
2013,Rhode Island,1055.56
2013,South Carolina,4766.469
2013,South Dakota,842.751
2013,Tennessee,6496.943
2013,Texas,26479.646
2013,Utah,2898.773
2013,Vermont,626.603
2013,Virginia,8255.861
2013,Washington,6966.252
2013,West Virginia,1854.768
2013,Wisconsin,5738.012
2013,Wyoming,582.62
2014,Alabama,4843.737
2014,Alaska,737.075
2014,Arizona,6732.873
2014,Arkansas,2968.759
2014,California,38586.706
2014,Colorado,5352.637
2014,Connecticut,3595.697
2014,Delaware,933.131
2014,District of Columbia,663.603
2014,Florida,19853.88
2014,Georgia,10071.204
2014,Hawaii,1415.335
2014,Idaho,1632.248
2014,Illinois,12885.092
2014,Indiana,6596.019
2014,Iowa,3110.643
2014,Kansas,2901.861
2014,Kentucky,4416.992
2014,Louisiana,4645.938
2014,Maine,1331.217
2014,Maryland,5960.064
2014,Massachusetts,6764.864
2014,Michigan,9932.033
2014,Minnesota,5452.665
2014,Mississippi,2991.892
2014,Missouri,6059.13
2014,Montana,1022.657
2014,Nebraska,1879.955
2014,Nevada,2818.935
2014,New Hampshire,1334.257
2014,New Jersey,8867.277
2014,New Mexico,2090.236
2014,New York,19653.431
2014,North Carolina,9937.295
2014,North Dakota,738.736
2014,Ohio,11606.573
2014,Oklahoma,3879.187
2014,Oregon,3965.447
2014,Pennsylvania,12792.392
2014,Rhode Island,1056.511
2014,South Carolina,4826.858
2014,South Dakota,849.67
2014,Tennessee,6544.617
2014,Texas,26963.092
2014,Utah,2938.327
2014,Vermont,625.693
2014,Virginia,8315.43
2014,Washington,7057.531
2014,West Virginia,1850.569
2014,Wisconsin,5753.199
2014,Wyoming,583.159
2015,Alabama,4854.803
2015,Alaska,738.43
2015,Arizona,6832.81
2015,Arkansas,2979.732
2015,California,38904.296
2015,Colorado,5454.328
2015,Connecticut,3588.561
2015,Delaware,942.065
2015,District of Columbia,677.014
2015,Florida,20219.111
2015,Georgia,10183.353
2015,Hawaii,1422.999
2015,Idaho,1652.495
2015,Illinois,12859.585
2015,Indiana,6611.442
2015,Iowa,3122.541
2015,Kansas,2910.717
2015,Kentucky,4429.126
2015,Louisiana,4666.998
2015,Maine,1329.098
2015,Maryland,5988.528
2015,Massachusetts,6797.484
2015,Michigan,9934.483
2015,Minnesota,5484.002
2015,Mississippi,2990.231
2015,Missouri,6075.411
2015,Montana,1031.495
2015,Nebraska,1892.059
2015,Nevada,2868.531
2015,New Hampshire,1337.48
2015,New Jersey,8870.312
2015,New Mexico,2090.071
2015,New York,19657.321
2015,North Carolina,10037.218
2015,North Dakota,755.537
2015,Ohio,11622.315
2015,Oklahoma,3910.518
2015,Oregon,4018.542
2015,Pennsylvania,12789.838
2015,Rhode Island,1056.886
2015,South Carolina,4896.006
2015,South Dakota,854.663
2015,Tennessee,6595.354
2015,Texas,27468.531
2015,Utah,2983.626
2015,Vermont,625.81
2015,Virginia,8367.303
2015,Washington,7167.287
2015,West Virginia,1843.332
2015,Wisconsin,5762.927
2015,Wyoming,586.389
2016,Alabama,4866.824
2016,Alaska,742.575
2016,Arizona,6944.767
2016,Arkansas,2991.815
2016,California,39149.186
2016,Colorado,5543.844
2016,Connecticut,3579.83
2016,Delaware,949.989
2016,District of Columbia,687.576
2016,Florida,20627.237
2016,Georgia,10308.442
2016,Hawaii,1428.885
2016,Idaho,1684.036
2016,Illinois,12821.709
2016,Indiana,6637.898
2016,Iowa,3133.21
2016,Kansas,2912.977
2016,Kentucky,4440.306
2016,Louisiana,4681.346
2016,Maine,1332.348
2016,Maryland,6007.014
2016,Massachusetts,6827.28
2016,Michigan,9954.117
2016,Minnesota,5525.36
2016,Mississippi,2990.595
2016,Missouri,6091.384
2016,Montana,1042.137
2016,Nebraska,1906.483
2016,Nevada,2919.555
2016,New Hampshire,1343.694
2016,New Jersey,8873.584
2016,New Mexico,2092.555
2016,New York,19636.391
2016,North Carolina,10161.802
2016,North Dakota,756.114
2016,Ohio,11640.06
2016,Oklahoma,3928.143
2016,Oregon,4093.271
2016,Pennsylvania,12788.468
2016,Rhode Island,1057.816
2016,South Carolina,4963.031
2016,South Dakota,863.693
2016,Tennessee,6651.277
2016,Texas,27914.064
2016,Utah,3044.241
2016,Vermont,624.366
2016,Virginia,8417.651
2016,Washington,7299.961
2016,West Virginia,1832.435
2016,Wisconsin,5775.17
2016,Wyoming,585.243
2017,Alabama,4877.989
2017,Alaska,740.983
2017,Arizona,7048.088
2017,Arkansas,3003.855
2017,California,39337.785
2017,Colorado,5617.421
2017,Connecticut,3575.324
2017,Delaware,957.942
2017,District of Columbia,697.079
2017,Florida,20977.089
2017,Georgia,10417.031
2017,Hawaii,1425.763
2017,Idaho,1719.745
2017,Illinois,12779.893
2017,Indiana,6662.068
2017,Iowa,3143.734
2017,Kansas,2910.892
2017,Kentucky,4455.59
2017,Louisiana,4673.673
2017,Maine,1335.743
2017,Maryland,6028.186
2017,Massachusetts,6863.56
2017,Michigan,9976.752
2017,Minnesota,5569.283
2017,Mississippi,2990.674
2017,Missouri,6111.382
2017,Montana,1053.862
2017,Nebraska,1916.998
2017,Nevada,2972.097
2017,New Hampshire,1350.395
2017,New Jersey,8888.147
2017,New Mexico,2092.844
2017,New York,19593.849
2017,North Carolina,10275.758
2017,North Dakota,756.755
2017,Ohio,11665.706
2017,Oklahoma,3933.602
2017,Oregon,4147.294
2017,Pennsylvania,12794.679
2017,Rhode Island,1056.554
2017,South Carolina,5027.102
2017,South Dakota,873.732
2017,Tennessee,6714.748
2017,Texas,28291.024
2017,Utah,3103.54
2017,Vermont,625.132
2017,Virginia,8471.011
2017,Washington,7427.951
2017,West Virginia,1818.683
2017,Wisconsin,5793.147
2017,Wyoming,579.994
2018,Alabama,4891.628
2018,Alaska,736.624
2018,Arizona,7164.228
2018,Arkansas,3012.161
2018,California,39437.463
2018,Colorado,5697.155
2018,Connecticut,3574.561
2018,Delaware,966.985
2018,District of Columbia,704.147
2018,Florida,21254.926
2018,Georgia,10519.389
2018,Hawaii,1423.102
2018,Idaho,1752.074
2018,Illinois,12724.685
2018,Indiana,6698.481
2018,Iowa,3149.9
2018,Kansas,2912.748
2018,Kentucky,4464.273
2018,Louisiana,4664.45
2018,Maine,1340.123
2018,Maryland,6042.153
2018,Massachusetts,6885.72
2018,Michigan,9987.286
2018,Minnesota,5608.762
2018,Mississippi,2982.879
2018,Missouri,6125.986
2018,Montana,1061.818
2018,Nebraska,1925.512
2018,Nevada,3030.725
2018,New Hampshire,1355.064
2018,New Jersey,8891.73
2018,New Mexico,2093.754
2018,New York,19544.098
2018,North Carolina,10391.358
2018,North Dakota,760.062
2018,Ohio,11680.892
2018,Oklahoma,3943.488
2018,Oregon,4183.538
2018,Pennsylvania,12809.107
2018,Rhode Island,1059.338
2018,South Carolina,5091.702
2018,South Dakota,879.386
2018,Tennessee,6778.18
2018,Texas,28624.564
2018,Utah,3155.153
2018,Vermont,624.802
2018,Virginia,8510.92
2018,Washington,7526.793
2018,West Virginia,1805.953
2018,Wisconsin,5809.319
2018,Wyoming,579.054
2019,Alabama,4907.965
2019,Alaska,733.603
2019,Arizona,7291.843
2019,Arkansas,3020.985
2019,California,39437.61
2019,Colorado,5758.486
2019,Connecticut,3566.022
2019,Delaware,976.668
2019,District of Columbia,708.253
2019,Florida,21492.056
2019,Georgia,10628.02
2019,Hawaii,1415.615
2019,Idaho,1789.06
2019,Illinois,12667.017
2019,Indiana,6731.01
2019,Iowa,3159.596
2019,Kansas,2912.635
2019,Kentucky,4472.345
2019,Louisiana,4658.285
2019,Maine,1345.77
2019,Maryland,6054.954
2019,Massachusetts,6894.883
2019,Michigan,9984.795
2019,Minnesota,5640.053
2019,Mississippi,2978.227
2019,Missouri,6140.475
2019,Montana,1070.123
2019,Nebraska,1932.571
2019,Nevada,3090.771
2019,New Hampshire,1360.783
2019,New Jersey,8891.258
2019,New Mexico,2099.634
2019,New York,19463.131
2019,North Carolina,10501.384
2019,North Dakota,763.724
2019,Ohio,11696.507
2019,Oklahoma,3960.676
2019,Oregon,4216.116
2019,Pennsylvania,12798.883
2019,Rhode Island,1058.158
2019,South Carolina,5157.702
2019,South Dakota,887.127
2019,Tennessee,6830.325
2019,Texas,28986.794
2019,Utah,3203.383
2019,Vermont,624.046
2019,Virginia,8556.642
2019,Washington,7614.024
2019,West Virginia,1795.263
2019,Wisconsin,5824.581
2019,Wyoming,580.116
2020,Alabama,5024.803
2020,Alaska,732.441
2020,Arizona,7177.986
2020,Arkansas,3012.232
2020,California,39499.738
2020,Colorado,5784.308
2020,Connecticut,3600.26
2020,Delaware,991.886
2020,District of Columbia,690.093
2020,Florida,21569.932
2020,Georgia,10725.8
2020,Hawaii,1451.911
2020,Idaho,1847.772
2020,Illinois,12785.245
2020,Indiana,6785.644
2020,Iowa,3188.669
2020,Kansas,2935.88
2020,Kentucky,4503.958
2020,Louisiana,4651.203
2020,Maine,1362.28
2020,Maryland,6172.679
2020,Massachusetts,7022.22
2020,Michigan,10067.664
2020,Minnesota,5707.165
2020,Mississippi,2956.87
2020,Missouri,6154.481
2020,Montana,1086.193
2020,Nebraska,1961.455
2020,Nevada,3114.071
2020,New Hampshire,1377.848
2020,New Jersey,9279.743
2020,New Mexico,2117.566
2020,New York,20154.933
2020,North Carolina,10457.177
2020,North Dakota,778.962
2020,Ohio,11790.587
2020,Oklahoma,3962.031
2020,Oregon,4241.544
2020,Pennsylvania,12989.625
2020,Rhode Island,1096.229
2020,South Carolina,5130.729
2020,South Dakota,887.099
2020,Tennessee,6920.119
2020,Texas,29217.653
2020,Utah,3281.684
2020,Vermont,642.495
2020,Virginia,8632.044
2020,Washington,7718.785
2020,West Virginia,1789.798
2020,Wisconsin,5892.323
2020,Wyoming,577.267
2021,Alabama,5039.877
2021,Alaska,732.673
2021,Arizona,7276.316
2021,Arkansas,3025.891
2021,California,39237.836
2021,Colorado,5812.069
2021,Connecticut,3605.597
2021,Delaware,1003.384
2021,District of Columbia,670.05
2021,Florida,21781.128
2021,Georgia,10799.566
2021,Hawaii,1441.553
2021,Idaho,1900.923
2021,Illinois,12671.469
2021,Indiana,6805.985
2021,Iowa,3193.079
2021,Kansas,2934.582
2021,Kentucky,4509.394
2021,Louisiana,4624.047
2021,Maine,1372.247
2021,Maryland,6165.129
2021,Massachusetts,6984.723
2021,Michigan,10050.811
2021,Minnesota,5707.39
2021,Mississippi,2949.965
2021,Missouri,6168.187
2021,Montana,1104.271
2021,Nebraska,1963.692
2021,Nevada,3143.991
2021,New Hampshire,1388.992
2021,New Jersey,9267.13
2021,New Mexico,2115.877
2021,New York,19835.913
2021,North Carolina,10551.162
2021,North Dakota,774.948
2021,Ohio,11780.017
2021,Oklahoma,3986.639
2021,Oregon,4246.155
2021,Pennsylvania,12964.056
2021,Rhode Island,1095.61
2021,South Carolina,5190.705
2021,South Dakota,895.376
2021,Tennessee,6975.218
2021,Texas,29527.941
2021,Utah,3337.975
2021,Vermont,645.57
2021,Virginia,8642.274
2021,Washington,7738.692
2021,West Virginia,1782.959
2021,Wisconsin,5895.908
2021,Wyoming,578.803
